#{"t_start": 1779482682.512862, "env_id": "None"}
r,l,t
-25.284353,121,1.538459
-26.530378,146,1.558642
3.3715372,155,1.565889
-21.20165,29,1.588938
1.9235898,184,1.588977
-21.025736,26,1.609561
-24.696737,107,1.623605
-23.44716,82,1.653499
2.57365,171,1.743962
-0.62106407,235,1.744
-25.012096,115,1.74402
3.072774,161,1.75021
-21.364613,33,1.769825
-21.498772,36,1.780017
-23.017979,73,1.803043
3.4244785,154,2.208726
2.6235657,170,2.212736
0.7227775,208,2.216806
-20.944721,24,2.228085
1.7749406,187,2.257838
-20.994053,25,2.277652
-26.314829,139,2.328474
2.9275784,164,2.359964
1.8734466,185,2.387755
3.2314982,158,2.416736
-20.985369,25,2.436205
3.2275739,158,2.462836
2.8247766,166,2.492798
3.4194021,154,2.510918
-24.484982,103,2.518784
-20.84796,22,2.528785
-24.349382,100,2.571871
-23.813631,81,2.697808
-21.198736,29,2.709885
1.8789121,185,2.723926
-21.103619,27,2.731044
-21.77585,43,2.731823
-23.113985,75,2.789997
0.027128326,222,2.818257
-23.316029,79,2.884136
0.37009728,215,2.897192
-20.894186,23,2.902621
-0.28174007,228,2.915337
2.9320822,164,2.923085
-26.113564,138,3.00586
1.6229898,190,3.058266
1.5720102,191,3.074146
2.0215688,182,3.075097
-23.950094,92,3.089099
-21.15033,28,3.101704
-24.017921,93,3.298087
-21.448828,35,3.333815
-25.44574,122,3.356747
-26.049217,135,3.356796
2.178,179,3.367938
-21.426186,34,3.391097
-21.40169,34,3.401946
-21.957523,44,3.446573
-25.7681,128,3.486073
2.7786722,167,3.503572
-21.39048,33,3.539618
-21.775244,43,3.586781
-24.173521,97,3.591266
1.4765483,193,3.593357
3.2321754,158,3.610832
-21.658085,38,3.624502
3.77108,147,3.711193
2.325994,176,3.863643
1.6750594,189,3.891425
1.9228288,184,3.900509
-21.488325,36,3.930182
-21.23757,30,3.957216
2.1752377,179,3.984192
3.565825,151,3.990488
-21.265093,31,4.015011
2.5729995,171,4.032863
-26.14271,138,4.067931
-25.20798,118,4.078239
3.5288925,152,4.135817
-24.530424,104,4.15034
-24.166908,96,4.154205
1.4668161,193,4.186238
-23.815495,89,4.206678
-25.585033,128,4.255899
-23.819422,89,4.256712
-20.936972,24,4.274738
-21.699564,41,4.424053
-24.01841,93,4.446908
-0.77619064,238,4.458891
2.1323256,180,4.476735
-24.992498,113,4.526022
-21.182257,29,4.548808
-24.906427,113,4.557504
-26.385061,143,4.572406
1.4308931,194,4.632464
3.230845,158,4.682483
-24.010965,93,4.705196
1.8797189,185,4.71847
-21.396362,34,4.731618
-0.77526844,238,4.736286
-23.369553,80,4.745184
-21.054123,26,4.765838
-23.466423,82,4.783285
-23.268377,78,4.798903
-25.107147,117,5.021435
1.3244783,196,5.034443
-21.708296,39,5.055819
3.7709079,147,5.064244
0.62485325,210,5.083937
-25.288036,121,5.182211
3.2797384,157,5.185433
3.0256495,162,5.19731
1.0678455,201,5.200484
-21.571379,38,5.212378
-20.93586,24,5.21986
-21.820091,44,5.232664
-21.41861,34,5.26489
-23.061535,74,5.277298
-21.041063,26,5.285887
-21.73424,42,5.310593
3.281011,157,5.316661
-21.127865,28,5.333287
-22.060707,46,5.352786
2.3754725,175,5.364636
-21.494492,36,5.61558
1.9690806,183,5.674424
-24.764677,108,5.71281
-23.667965,86,5.745895
0.074948415,221,5.75458
1.3739053,195,5.765684
-21.004683,25,5.765707
-21.40738,34,5.796606
-21.776472,43,5.807822
-25.44479,124,5.826621
-26.975513,154,5.912304
-25.016985,114,5.919596
2.2301908,178,5.988631
-23.514473,83,5.998646
1.6257983,190,6.014411
-21.574528,37,6.034303
3.3723335,155,6.063359
-21.359776,33,6.068871
-21.35637,33,6.22558
-24.960846,113,6.247375
3.5234318,152,6.256878
-21.859873,45,6.292866
-24.261616,99,6.327825
2.6198187,170,6.331819
3.1287322,160,6.354766
2.2757158,177,6.43422
-24.436808,103,6.43578
-21.894794,46,6.469625
2.0762186,181,6.473661
1.0784436,201,6.485519
-21.556618,38,6.503304
-21.46615,35,6.512589
-24.67231,107,6.518829
-21.306633,32,6.54353
2.5795174,171,6.632899
3.2758112,157,6.659337
-21.144447,28,6.824525
-21.384878,33,6.855285
2.8237495,166,6.855331
-24.053757,94,6.858636
0.62331593,210,6.858659
-21.253937,31,6.886493
-21.539581,37,6.891962
-21.1775,29,6.913635
-23.024275,73,6.923914
-24.825306,110,7.010257
-23.11676,75,7.063033
-23.00879,73,7.219653
1.4216787,194,7.240311
2.123166,180,7.259096
-21.784529,43,7.309644
2.3204894,176,7.322057
-26.229174,140,7.422503
-21.616407,38,7.470153
-25.761375,128,7.489093
1.9300796,184,7.507184
-21.736893,42,7.689815
1.8317176,186,7.69774
-21.692488,41,7.728607
-24.314772,99,7.729515
3.1758032,159,7.811744
-21.1855,29,7.838148
2.9267902,164,7.848836
-21.324234,32,7.877869
-29.01858,196,7.908309
1.2721978,197,7.910144
2.8196511,166,8.019388
-24.057322,94,8.02632
0.93029034,204,8.103948
-23.164211,76,8.105167
1.4696428,193,8.128215
1.9260522,184,8.248546
-24.346087,100,8.431275
2.3234925,176,8.493471
-0.92598045,241,8.578235
-23.698805,87,8.601999
-21.266823,31,8.612905
2.6296296,170,8.632919
-11.460863,250,8.696467
-24.832697,110,8.722869
-21.788269,43,8.798563
3.2228422,158,8.866097
1.4248782,194,8.897163
2.5734472,171,8.984113
2.827199,166,9.057733
-25.466509,126,9.073326
2.9287095,164,9.101834
-21.438057,35,9.256042
-21.66301,38,9.278379
-21.357714,32,9.285595
2.9229026,164,9.307112
-21.506886,36,9.3361
-23.760431,88,9.355505
3.1695867,159,9.357006
-28.552137,185,9.45362
-25.151066,118,9.466108
3.1814694,159,9.502219
1.9740931,183,9.509124
-23.85661,90,9.536069
-25.544518,126,9.581614
-24.597548,106,9.599571
-25.595978,127,9.624727
-21.453716,35,9.631006
2.7737665,167,9.686093
-0.87216556,240,9.928687
-21.087132,27,9.953344
-0.024782075,223,9.963598
-0.48280513,232,9.965436
1.7278901,188,9.987754
-24.76877,110,10.054004
-23.996487,93,10.073151
-23.99534,85,10.149284
-0.33062446,229,10.172559
-11.485608,250,10.197208
3.1782017,159,10.204842
0.87337506,205,10.571232
1.3736669,195,10.596135
2.0805478,181,10.609082
-20.988214,25,10.651269
0.028610336,222,10.690519
-21.484873,36,10.753811
-24.361584,100,10.827319
2.2256765,178,10.999608
0.8720132,205,11.033539
-25.350513,121,11.089624
-21.096237,27,11.098176
-23.418589,81,11.284879
-24.068316,95,11.30483
-21.425924,35,11.360358
1.9770585,183,11.418478
-11.565218,250,11.463984
-24.261215,98,11.50397
-21.6496,40,11.578641
2.725103,168,11.787043
-27.170593,159,11.819134
-0.9210967,241,11.865087
2.6750398,169,11.875414
-25.103493,115,11.877008
-23.372877,80,11.881688
-23.91346,92,11.948963
2.3766575,175,12.011929
1.3728238,195,12.017306
-23.772657,88,12.017335
2.0273786,182,12.025303
-21.289541,31,12.051331
-23.917896,91,12.098114
-24.266436,98,12.141448
1.5711719,191,12.311893
0.92188084,204,12.316801
3.4294043,154,12.354475
-23.771854,88,12.38544
2.1734161,179,12.410392
-21.661026,40,12.41741
-21.476532,35,12.437646
2.2715354,177,12.450836
-26.07333,137,12.461773
-21.783606,42,12.470267
-24.451702,102,12.540726
-25.26043,119,12.543084
1.5213815,192,12.566416
1.7712222,187,12.615841
-24.279373,99,12.620557
-21.781155,43,12.648928
-27.46284,162,12.6667
-23.014044,65,12.670593
-27.220234,160,12.691039
-21.332684,32,12.830371
-25.009436,115,12.853058
2.4748774,173,12.916804
1.5804845,191,12.934907
2.028386,182,12.973638
-28.34593,182,12.996175
3.2739253,157,13.040893
-24.919352,113,13.068438
2.6212487,170,13.082156
-26.016493,125,13.111045
-24.210558,97,13.139346
-21.718521,41,13.15165
-21.404316,34,13.181994
-25.804943,132,13.197852
-23.820114,89,13.221411
2.4252896,174,13.24578
-21.403172,34,13.256086
-21.81583,44,13.419005
2.0803323,181,13.489605
1.6266652,190,13.522603
-25.61515,128,13.561421
1.9259082,184,13.601281
-23.461647,82,13.793734
3.0318327,162,13.90696
-24.857115,111,13.912258
1.5316049,192,13.914838
-21.144411,28,13.945017
-25.145819,118,13.995413
-24.198685,97,14.027049
-21.48299,36,14.033484
-23.017548,73,14.108508
3.130344,160,14.129331
0.57009137,211,14.16669
-21.609419,39,14.330139
-21.274103,31,14.350356
2.3739095,175,14.384125
1.8750135,185,14.455576
1.5213834,192,14.512138
2.4250898,174,14.51402
-21.206459,30,14.543377
2.4814215,173,14.549217
-23.186731,69,14.658788
-21.228922,30,14.712739
-0.22465123,227,14.765297
-21.355764,33,14.767079
2.5694246,171,14.826502
-0.077743426,224,14.868843
-24.347523,100,14.924667
-23.212788,77,14.938342
-23.816353,89,14.984326
3.325714,156,15.138323
-21.577158,38,15.208101
-25.26576,118,15.260502
-21.448435,35,15.277164
-21.395752,34,15.314873
-24.757418,108,15.322084
3.5744152,151,15.333094
-20.94706,24,15.361354
-21.318697,32,15.423675
-24.203165,97,15.449137
-25.277052,120,15.512227
3.0159025,162,15.55238
2.3720694,175,15.617944
-24.695349,108,15.624281
2.418323,174,15.632479
-21.18853,29,15.646154
-25.438362,123,15.676799
-23.969051,92,15.747359
-23.269161,78,15.76337
-21.557388,38,15.786481
-21.159258,29,15.954037
1.0204793,202,15.978866
-0.330593,229,15.993123
-20.896683,23,16.01113
-21.480997,36,16.040123
2.9279046,164,16.044095
-21.185534,29,16.062925
-21.085014,27,16.065304
-25.018887,113,16.06856
-21.878626,45,16.098706
1.3231279,196,16.112294
-23.472155,82,16.138685
2.7289367,168,16.212114
-25.036625,116,16.216591
-21.235914,30,16.242993
0.33041584,216,16.291917
0.88046086,205,16.322039
-21.232588,30,16.348948
1.3788177,195,16.386227
2.7291813,168,16.511671
-21.853762,45,16.547489
3.171053,159,16.548357
-23.816992,89,16.617888
-25.014145,105,16.63113
2.920977,164,16.635017
-0.4732169,232,16.655083
-22.113451,47,16.671411
-26.156164,139,16.740554
2.9751978,163,16.746749
-24.307259,100,16.752104
-23.767662,88,16.818962
1.3291122,196,16.818989
-24.317085,99,16.840385
-24.727095,109,16.843968
-21.391495,34,16.849409
-23.071423,74,16.91686
3.4257026,154,17.274094
3.0313072,162,17.340542
-24.874285,112,17.37758
1.9773904,183,17.388815
-24.88565,112,17.474232
-24.220732,98,17.582262
2.7703629,167,17.654527
-24.955626,112,17.692318
-27.82423,170,17.695349
-21.281075,31,17.738564
-21.86727,42,17.756853
-23.294033,71,17.765224
2.8285165,166,17.847982
3.227316,158,17.958498
1.5233642,192,18.015639
0.37931263,215,18.033524
1.5740539,191,18.199858
2.215279,178,18.265815
2.5711417,171,18.307181
-22.967955,72,18.330866
-28.410313,184,18.33451
0.6805688,209,18.388256
-24.345179,100,18.397286
-21.390156,34,18.428284
3.2283316,158,18.476677
0.12514697,220,18.528318
-21.22708,30,18.55908
1.7194854,188,18.561254
-0.6700057,236,18.781893
0.32295144,216,18.808717
3.0241256,162,18.8368
-21.605137,37,18.837602
1.7258645,188,18.8556
-24.47788,103,18.862732
-21.457306,35,18.864296
-20.94242,24,18.874593
-21.168491,29,18.887081
-25.186031,118,18.974505
0.027386772,222,19.026359
1.7257835,188,19.053784
0.07985507,221,19.055862
-23.959476,92,19.142878
-28.413843,182,19.147124
-24.403206,102,19.15564
1.3207055,196,19.222694
-20.893517,23,19.379898
-25.126127,117,19.40793
2.580894,171,19.445776
1.9227096,184,19.461418
-27.11681,155,19.547602
-29.423971,201,19.561059
3.3698788,155,19.58503
-23.062902,74,19.613676
-23.054163,66,19.619952
1.6327516,190,19.631413
-21.140373,28,19.638557
-21.177288,29,19.664515
-25.150139,118,19.695271
2.7778726,167,19.788003
-21.226425,30,19.81801
0.17669784,219,19.868036
1.8238364,186,19.87552
-21.17159,29,20.096683
1.2304355,198,20.118157
-25.014708,105,20.154278
-23.863106,90,20.193191
-21.78219,43,20.220604
-23.815454,89,20.249915
-21.91345,43,20.279923
-21.460587,35,20.32848
-24.357174,101,20.333599
1.2716619,197,20.373256
-21.873217,45,20.389902
-21.083096,27,20.403423
2.082109,181,20.466705
-23.51639,83,20.473995
-21.214708,30,20.496013
2.773312,167,20.509931
1.6172496,190,20.63149
3.269898,157,20.688175
2.4784408,173,20.905509
1.069913,201,20.91925
-21.395243,34,20.949733
-21.358196,33,20.979479
-21.771193,43,21.018256
0.97607434,203,21.043066
-0.8810929,240,21.043102
-21.521458,36,21.075688
1.4796697,193,21.080229
-22.962534,72,21.083824
-24.364775,100,21.194968
-25.068819,116,21.206515
2.5709677,171,21.226353
2.32487,176,21.275871
-21.175747,29,21.301923
-25.511877,123,21.314943
-25.884111,123,21.341758
-21.535004,36,21.347138
-21.254704,31,21.374702
0.12445937,220,21.574607
3.571908,151,21.640538
-21.608597,37,21.672284
2.3236446,176,21.753352
-26.573063,145,21.75911
-21.441315,35,21.791327
-26.288557,139,21.81804
1.7268707,188,21.908703
-25.376686,123,21.963867
1.4704877,193,22.002313
2.4692235,173,22.063789
-26.169588,139,22.121769
3.2727427,157,22.324491
2.8704352,165,22.422346
-25.246456,119,22.435755
-22.96353,64,22.509943
2.5223627,172,22.754388
-24.187798,97,22.77468
-25.067642,116,22.81369
3.126246,160,22.829327
-21.124805,28,22.854783
-23.965935,92,22.859507
-25.214539,118,22.864091
-23.52465,83,22.950808
-27.168146,159,22.978586
-23.161512,76,23.057016
2.326128,176,23.07255
2.0814013,181,23.072598
-23.572021,84,23.159572
-23.712118,87,23.175583
-25.38064,123,23.214711
1.1761161,199,23.224467
2.580946,171,23.519749
2.08224,181,23.550367
3.017199,162,23.579299
-21.713415,41,23.595378
-23.61939,85,23.613447
0.8783704,205,23.613477
-21.561462,36,23.615292
-21.829556,44,23.636055
-21.034718,26,23.638807
-23.016308,73,23.722649
3.1213417,160,23.805197
-21.401917,33,23.840754
1.3788863,195,23.872438
-11.570055,250,23.899582
1.430358,194,23.944871
-23.268116,78,23.953948
-21.435862,35,24.000146
2.6747713,169,24.173068
-21.781366,43,24.188864
3.577241,151,24.208107
-21.950743,47,24.227872
2.8793693,165,24.252229
-24.144144,96,24.25306
-23.069061,74,24.266691
-21.49824,36,24.280739
-21.925756,44,24.30275
-21.448734,35,24.311218
-24.477108,103,24.312175
-23.84582,90,24.329457
-21.04303,26,24.334854
-21.575825,37,24.345784
-24.731285,109,24.439174
2.5695133,171,24.452813
2.3309765,176,24.48064
2.271863,177,24.486052
-23.218426,77,24.516917
-24.418972,101,24.6028
0.7758361,207,24.729986
2.2277122,178,24.746062
1.9746639,183,24.755478
2.3721414,175,24.857192
2.0261383,182,24.873544
2.829515,166,24.88634
1.2285157,198,24.906188
-22.816034,69,24.938498
-25.085655,116,24.958877
-21.916037,46,24.996453
-23.715002,87,25.008696
-21.26433,31,25.021607
2.077335,181,25.041453
2.8806672,165,25.045103
-21.18164,29,25.065189
-21.349972,33,25.091396
-25.455135,122,25.122798
-21.696072,41,25.295204
-23.414984,81,25.29989
1.7725431,187,25.302789
-21.032513,26,25.328632
2.6302562,170,25.330564
-21.856062,42,25.369558
-23.760454,88,25.378818
-23.991861,93,25.388071
-24.394001,102,25.435229
-22.106743,48,25.453822
-23.764816,88,25.53329
-21.800203,43,25.558472
-21.666407,40,25.621084
2.2738042,177,25.658913
2.817429,166,25.729804
-23.618685,85,25.780376
2.37894,175,25.794833
-23.89472,91,25.884152
0.26482403,217,25.90011
2.6791415,169,25.93818
2.8751588,165,26.152375
-24.213373,97,26.177531
-25.569695,127,26.191057
2.5264869,172,26.271321
-27.461655,164,26.304694
3.2242236,158,26.324489
1.3107549,196,26.371959
-24.012619,93,26.38959
-23.161913,76,26.394785
-21.121075,28,26.428632
1.4242183,194,26.47638
-24.603752,106,26.567014
2.2737293,177,26.592657
-24.38123,101,26.599962
1.4288627,194,26.630119
2.3738542,175,26.853877
3.2721376,157,26.858764
3.1776648,159,26.866561
-21.557896,36,26.889051
1.8734866,185,26.91451
-24.841576,111,26.945918
2.4255447,174,27.016348
2.6675253,169,27.036141
-0.62085617,235,27.124237
0.6287986,210,27.135037
-21.620909,39,27.160373
2.9310293,164,27.164877
3.3736486,155,27.177337
-24.827944,110,27.242984
-23.217144,77,27.385808
-23.36528,80,27.449086
3.0770464,161,27.451861
1.622944,190,27.473499
-21.219078,30,27.479095
-21.258715,30,27.500862
1.7301923,188,27.55788
-24.22878,98,27.567952
-25.344599,122,27.611404
-22.216515,49,27.612404
1.5260764,192,27.623213
-21.183092,29,27.649963
-24.312317,99,27.701901
-11.735629,250,27.784761
1.4228851,194,27.788855
-20.983446,25,27.811836
1.5684568,191,27.823765
-21.5707,37,27.847881
-23.91273,91,27.997372
-11.713698,250,28.05119
-25.56015,124,28.076394
2.8815598,165,28.089592
-25.761179,129,28.099986
-23.86805,90,28.122108
-23.268816,78,28.137824
-24.010538,93,28.163533
-24.932924,112,28.211071
-21.61308,39,28.253544
2.0271583,182,28.255985
2.1274023,180,28.324871
0.4833709,213,28.325917
-21.406553,34,28.357578
2.5213146,172,28.407949
-23.968918,92,28.408919
2.2239943,178,28.538095
-21.660656,39,28.56326
-24.057743,86,28.599222
-23.51545,83,28.603902
-24.755142,109,28.64911
-23.317045,79,28.66637
-21.260168,31,28.673313
-11.420626,250,28.684194
-24.714043,107,28.756939
-0.23383321,227,28.777314
3.024013,162,28.792963
1.7764817,187,28.830238
2.680705,169,28.896019
3.0217462,162,28.931355
0.6773883,209,29.098254
2.5761185,171,29.126757
-21.661692,40,29.135684
-23.811329,89,29.158784
-21.884132,45,29.17053
-24.490685,95,29.224775
0.18265162,219,29.244399
2.2741885,177,29.33563
1.5738536,191,29.336566
-25.48475,125,29.343099
1.6252214,190,29.420629
-23.868265,90,29.427388
1.6207982,190,29.525149
0.9783269,203,29.539731
-21.403067,34,29.560989
2.4209704,174,29.737398
-23.715708,87,29.759606
1.4821197,193,29.759643
-24.254915,99,29.819617
-23.115644,75,29.821275
0.9708406,203,29.873372
0.3755666,215,29.947495
-24.294523,99,29.96554
-21.500462,36,29.980219
1.922167,184,29.987876
0.36993802,215,30.014494
-24.014828,93,30.051596
3.1184978,160,30.136531
0.57445157,211,30.175681
1.4293643,194,30.323233
-23.516544,83,30.339164
1.8671438,185,30.347926
-23.317184,79,30.396188
-21.362888,33,30.421873
-26.561287,147,30.434202
-26.227446,140,30.473855
-21.926525,46,30.476498
1.0220338,202,30.52103
-21.399672,34,30.554874
2.8655372,165,30.573959
-21.531513,37,30.607685
2.2260556,178,30.639307
-22.048159,49,30.652072
1.4289886,194,30.655664
-21.44211,35,30.689499
2.4248743,174,30.718948
2.922402,164,30.926198
-23.969128,92,30.933646
1.1220952,200,30.969395
1.9692856,183,30.982425
-20.993832,25,30.991479
-23.564213,84,30.995524
-23.565805,84,31.002681
-21.318962,32,31.008221
-21.182178,29,31.018339
-21.642326,40,31.039484
-23.849108,90,31.074637
-26.022026,136,31.147633
0.58038056,211,31.158599
1.6255151,190,31.172102
-21.312187,32,31.176825
-21.641428,38,31.196953
2.027461,182,31.231337
-23.217344,77,31.249542
-21.31658,32,31.260549
-21.21303,30,31.287496
-21.458054,34,31.322148
3.0743198,161,31.324988
3.0769358,161,31.347513
2.6693854,169,31.53001
-25.363527,120,31.551722
3.2776303,157,31.583974
-21.738716,42,31.733391
-24.880995,112,31.738789
-0.6249827,235,31.805105
1.7718288,187,31.846316
-23.149439,68,31.874098
3.220426,158,31.911882
3.2229657,158,31.915977
-21.414072,34,31.9611
-24.743032,100,32.007535
2.5227523,172,32.07273
-24.401918,101,32.137165
0.37429154,215,32.320665
-0.12744416,225,32.364769
-24.186703,97,32.373054
2.6158338,170,32.393531
-21.497871,36,32.402504
-26.137486,138,32.456286
-24.10645,95,32.468071
-21.708818,41,32.521753
3.4755707,153,32.578472
-20.991463,25,32.62591
2.1794977,179,32.643194
-23.817091,89,32.672556
2.2259588,178,32.736453
-23.710657,87,32.810295
-25.736822,130,32.837063
-21.413897,34,32.868518
-22.463966,54,32.927902
1.4807597,193,32.955519
-28.271036,179,33.011373
-23.620298,85,33.18008
1.1253129,200,33.243429
-23.417797,81,33.24508
1.979344,183,33.276673
2.8817992,165,33.297235
-23.818134,89,33.324631
-21.299898,32,33.327474
-24.442104,102,33.371986
2.7222486,168,33.399568
-24.09769,95,33.412484
-24.305393,99,33.418904
-23.967913,92,33.538582
-24.370035,100,33.571357
-21.073174,27,33.636089
3.418923,154,33.648715
-24.403389,101,33.758326
-1.1312102,245,33.77506
-24.85583,110,34.076837
-23.419252,81,34.125949
1.7247354,188,34.223184
-21.093876,27,34.273907
-24.859972,112,34.275907
2.3230052,176,34.320309
-25.263416,118,34.359911
-24.971025,113,34.528365
-24.554474,105,34.552944
3.129642,160,34.611332
-21.661144,40,34.706615
-24.212152,97,34.924075
1.3268663,196,34.958421
1.4289333,194,35.064608
2.9313402,164,35.115985
1.8826715,185,35.27556
-23.811604,89,35.305268
-21.791225,43,35.322126
1.9290811,184,35.323556
-21.790487,43,35.353366
-21.559956,37,35.456109
-21.735224,41,35.482141
-25.237741,119,35.652571
-25.24537,118,35.685067
-21.494137,35,35.716635
-21.46322,34,35.750475
0.07519637,221,35.824452
0.47853673,213,35.884399
-26.17079,139,35.970742
-24.317663,99,35.995712
0.1737567,219,36.147222
3.1794524,159,36.167444
-21.585762,38,36.235652
3.3803349,155,36.251381
1.9333097,184,36.484172
-24.676172,107,36.498959
-22.18788,52,36.632311
-25.499586,125,36.664116
-25.214422,119,36.668811
-21.438421,35,36.725317
-23.663832,78,36.907064
1.7780038,187,36.91024
2.9181185,164,36.993534
1.7743179,187,37.000106
-21.572878,38,37.054545
-24.163849,96,37.057932
-21.910706,46,37.060963
-24.058706,94,37.18588
0.72542775,208,37.200909
3.4738507,153,37.246617
1.3739825,195,37.282933
3.2684093,157,37.469011
-23.815218,89,37.493049
-25.822529,131,37.494698
1.5277177,192,37.509097
-21.506355,35,37.521327
-21.61013,38,37.552662
-23.793688,87,37.567132
-23.514784,83,37.579917
-26.204933,137,37.584401
-23.0359,66,37.639181
-25.065683,114,37.670108
-21.670174,40,37.675833
1.1772338,199,37.732688
-23.857227,90,37.756654
0.6753713,209,37.772911
2.5734844,171,37.824449
-24.354443,100,37.846937
-25.930424,132,37.851525
2.2757754,177,38.052215
-23.969646,92,38.053823
-24.767561,108,38.063596
1.4722253,193,38.110474
-27.196178,159,38.180671
-23.890844,91,38.184645
1.6228639,190,38.206871
1.2174169,198,38.221788
-23.549404,84,38.25052
2.0689917,181,38.333306
2.1274967,180,38.379026
-29.785135,201,38.380873
1.6315643,190,38.423678
-25.174799,118,38.612188
2.5775032,171,38.612234
1.3771735,195,38.672049
1.9800221,183,38.714526
-28.671175,189,38.796343
-23.462204,82,38.799086
0.57142365,211,38.816584
-26.688658,147,38.827022
-23.499735,83,38.899122
-25.301895,121,38.955708
2.3282475,176,38.995961
1.4734756,193,39.02235
-25.898205,133,39.075664
2.3680887,175,39.302659
3.0720415,161,39.329246
1.1195289,200,39.347041
-21.321865,32,39.358973
2.5221124,172,39.377767
-21.617556,39,39.382313
-25.164848,118,39.411921
-23.21169,77,39.449254
-25.171211,118,39.467494
-25.849743,131,39.506263
-26.811882,150,39.555474
1.9288894,184,39.731501
2.025136,182,39.76914
-21.554932,37,39.824572
1.6218415,190,39.869751
1.6185018,190,40.105873
-23.512775,83,40.10996
-24.452232,103,40.110919
-26.279808,140,40.238474
1.4282533,194,40.241417
2.7258697,168,40.267869
2.2271652,178,40.277746
2.968749,163,40.39755
0.32440674,216,40.455119
2.0802813,181,40.460565
0.5753709,211,40.480551
-24.519102,103,40.555808
3.0193644,162,40.559193
-25.711525,129,40.591644
1.6749774,189,40.795878
2.6734152,169,40.851972
-23.666933,86,40.873886
2.327917,176,40.883888
0.274624,217,40.89451
-24.887014,112,40.956378
-23.967634,92,40.960448
-25.706268,129,41.016574
2.8292398,166,41.041269
3.1790147,159,41.131745
-0.82586753,239,41.224111
1.4292032,194,41.248308
1.6797849,189,41.411328
-22.854633,62,41.432538
2.4261813,174,41.46876
-23.269594,78,41.486397
-24.216772,97,41.527731
-22.210392,49,41.534202
2.4343638,174,41.556858
-24.453852,102,41.626756
-21.567026,38,41.664771
-27.90787,173,41.688746
-1.0715588,244,41.697957
2.2298555,178,41.725039
-23.962273,92,41.811505
3.2813973,157,41.813348
2.0758853,181,41.87078
1.525509,192,41.871722
-25.021345,115,42.046064
-21.83773,44,42.081904
0.12496196,220,42.132895
1.9250404,184,42.154257
1.9172803,184,42.155446
-23.015947,73,42.201829
1.9742337,183,42.245037
-24.94323,113,42.305197
2.1193266,180,42.322139
-29.358458,201,42.344547
-25.153315,118,42.355387
-21.908258,46,42.366364
-25.566078,127,42.428292
-23.21075,77,42.443775
2.5808468,171,42.642381
2.4702096,173,42.653769
2.4277596,174,42.713532
-0.3253888,229,42.76774
1.9314595,184,42.788566
0.9243337,204,42.815183
-23.581123,77,42.851722
-23.207735,77,42.882781
-26.956583,152,42.897385
-0.22171487,227,42.902731
-22.083633,50,42.928408
-24.343435,100,42.993061
2.2788696,177,43.012005
1.7793628,187,43.184752
2.5756822,171,43.199045
-24.07006,94,43.213677
-25.528635,124,43.220774
-23.47165,82,43.282497
-23.965427,92,43.361432
2.8744678,165,43.368798
1.1226503,200,43.369888
2.4732828,173,43.384561
-22.345547,52,43.435181
-25.974386,134,43.496098
-25.223673,119,43.54444
0.72911847,208,43.563397
-1.0741442,244,43.595849
2.8247805,166,43.819472
-24.890484,112,43.865326
2.779439,167,43.870723
-26.760677,151,43.874548
-24.123354,88,43.95441
1.0242997,202,44.005628
1.733328,188,44.043774
0.86959755,205,44.065486
-22.603933,57,44.096074
1.8845788,185,44.130143
1.316804,196,44.193425
2.420816,174,44.224686
-25.154535,116,44.239452
2.3711643,175,44.259186
-21.894928,45,44.284684
-24.279297,99,44.290013
-25.69938,130,44.492136
-26.23322,130,44.544398
2.6828423,169,44.558411
3.1211386,160,44.576398
2.4297976,174,44.649778
-24.410862,101,44.650725
-25.248058,119,44.65339
-24.65238,106,44.675701
-22.833326,62,44.714604
-23.708868,79,44.749834
2.83048,166,44.805508
2.3820558,175,44.814509
-26.373152,144,44.847944
-24.598238,105,44.903518
-24.397047,101,44.909113
2.0264864,182,45.049637
-25.56956,124,45.088346
-24.711384,107,45.135659
-23.049406,66,45.140446
2.3244896,176,45.182784
1.0730592,201,45.198763
-24.335432,100,45.220635
-24.511549,103,45.229687
-23.610838,85,45.287983
-23.264994,78,45.303475
2.7743073,167,45.350592
-23.070147,74,45.361669
0.32827675,216,45.454598
2.7277765,168,45.473533
2.4198833,174,45.530979
2.6728601,169,45.672578
2.3794103,175,45.751079
2.4715953,173,45.766789
2.176765,179,45.826762
1.4744636,193,45.833976
2.1802406,179,45.908221
2.5740862,171,45.918175
-26.504543,144,45.95319
-26.228518,141,45.957387
3.2227988,158,46.046084
2.821947,166,46.103788
0.36733067,215,46.108339
0.027323829,222,46.264539
0.22528659,218,46.350415
-27.307674,162,46.363781
-25.829088,133,46.380028
1.3336126,196,46.391772
-24.428658,102,46.49774
2.5211186,172,46.525131
-27.77724,170,46.534416
0.57608426,211,46.58328
-25.902624,131,46.610022
-24.35853,100,46.616504
2.4799337,173,46.669828
-24.051115,86,46.692687
-26.974318,155,46.835167
-26.955517,154,46.861429
-24.455755,102,46.876598
2.677238,169,46.947616
2.825881,166,46.967027
3.0719833,161,46.988738
0.4711324,213,47.045719
-25.70025,127,47.048907
-24.116318,95,47.064897
2.6811967,169,47.101749
-25.022955,111,47.200675
0.82321274,206,47.22317
1.3758537,195,47.234919
-11.408836,250,47.393094
-21.961945,44,47.402829
-24.342695,100,47.41732
-24.053461,94,47.479656
0.66759694,209,47.542759
1.3773814,195,47.601594
-0.5695914,234,47.612487
3.319559,156,47.636059
-23.905508,91,47.688489
2.4203458,174,47.708518
-25.535295,127,47.761532
2.5236645,172,47.782578
-25.252796,120,47.811466
-25.560272,124,48.02861
2.323946,176,48.029541
3.5769024,151,48.073257
-23.168076,76,48.09986
3.0813675,161,48.107209
-22.755663,60,48.13094
-24.710323,107,48.131882
-21.479668,36,48.168548
-23.697775,87,48.186703
-27.10272,155,48.262008
2.4243546,174,48.319869
2.624095,170,48.355341
1.0773536,201,48.408161
-25.353462,122,48.446944
2.5303402,172,48.45477
-23.959295,92,48.505245
-23.362978,80,48.674801
2.0738626,181,48.678582
-25.104567,115,48.697468
-21.760397,42,48.732821
-26.31173,139,48.760302
2.6745367,169,48.818966
1.2269746,198,48.841923
2.0750089,181,48.888854
2.2210174,178,48.917553
2.533586,172,48.974017
2.3834715,175,48.999014
-26.201286,137,49.040153
2.4238439,174,49.04491
-25.103962,115,49.102757
2.7829776,167,49.246645
-21.773697,43,49.261995
-24.958261,113,49.262807
1.9733621,183,49.322323
2.3707285,175,49.388246
2.5290956,172,49.401597
-24.503897,103,49.406253
1.2338535,198,49.42155
-24.210684,97,49.478971
2.3794498,175,49.545176
1.1715308,199,49.545967
1.5748931,191,49.572483
0.27569687,217,49.773495
3.0183191,162,49.797673
-26.50339,146,49.815888
2.1284804,180,49.815935
-23.163908,76,49.876392
-24.58128,105,49.899253
-28.347391,183,49.922961
2.3214207,176,49.94027
2.877092,165,50.008929
2.07624,181,50.044567
2.8810482,165,50.057897
-27.324297,161,50.072886
-23.3535,80,50.137831
2.3759146,175,50.151985
1.0741302,201,50.335913
-23.89386,91,50.33762
-21.218761,30,50.359778
-12.23647,250,50.385969
2.6792746,169,50.413202
-23.412895,81,50.449326
2.2211962,178,50.48149
2.977314,163,50.493142
-25.61282,127,50.522295
-24.878996,111,50.593466
2.024167,182,50.613404
2.3770852,175,50.639189
1.1768104,199,50.701316
-24.261858,98,50.72769
1.8239251,186,50.895414
2.6304388,170,50.901105
-22.59942,57,50.914442
-23.931574,92,50.920018
-23.56326,84,50.991416
2.4802155,173,51.059014
2.1248474,180,51.071555
2.6328301,170,51.080752
2.676034,169,51.157317
-24.721231,107,51.182841
-24.816381,109,51.198504
1.7253562,188,51.278469
-25.159935,116,51.343905
1.2318088,198,51.420479
-23.717678,87,51.447203
1.5808488,191,51.447253
2.7743812,167,51.621226
-21.991415,48,51.636558
-23.438389,74,51.663121
-24.377384,101,51.732132
0.8806602,205,51.760172
-25.84641,130,51.79341
2.1205401,180,51.80133
-24.553007,104,51.84234
-26.500109,136,51.942831
-26.522795,146,51.972773
2.027351,182,51.985102
2.7769508,167,52.093664
-25.0766,116,52.182258
-26.151476,138,52.232226
2.373848,175,52.258339
-24.560995,104,52.478509
-23.321636,72,52.48666
2.5196333,172,52.4914
2.6757827,169,52.56166
-27.180082,160,52.6366
2.525082,172,52.643133
-25.42351,121,52.673751
-0.8237685,239,52.699109
-24.864483,110,52.747433
2.4257717,174,52.800478
2.8741832,165,52.854015
-23.470821,82,52.87758
-11.544085,250,53.042773
1.622655,190,53.060795
-23.91025,91,53.127855
3.0188394,162,53.139595
2.3811784,175,53.175242
-27.490469,163,53.216455
-24.262827,98,53.234795
-25.167948,116,53.305224
2.2784753,177,53.324633
-25.454468,115,53.40722
3.1303778,160,53.445949
-24.154842,96,53.475461
2.1260438,180,53.564179
-24.978931,113,53.581792
-25.704687,127,53.616245
1.7249986,188,53.631196
-24.46036,102,53.81125
-24.64895,107,53.843719
2.7753487,167,53.850087
-26.14854,139,53.885092
1.9707319,183,53.985391
-27.095715,158,54.007213
2.5723782,171,54.011829
3.1320295,160,54.046563
-25.978712,125,54.153717
-24.468115,102,54.186707
2.5737658,171,54.19553
2.6776257,169,54.243855
-27.40513,163,54.585019
1.8780566,185,54.607486
2.5182018,172,54.61855
-0.023626221,223,54.620195
-24.454676,102,54.711373
2.232946,178,54.74383
-27.98123,173,54.76362
2.626234,170,54.773541
-26.079664,135,54.8358
-24.592144,97,54.851613
2.573648,171,54.89828
-24.307404,99,54.925562
-23.565748,84,54.927385
1.4711572,193,54.947984
-24.159527,88,54.977552
-23.843287,90,55.132593
2.0218554,182,55.203564
-27.20598,157,55.203601
-25.269638,120,55.227054
2.0843506,181,55.248856
-24.215042,97,55.280183
-24.291903,99,55.30513
2.6237664,170,55.337633
2.623579,170,55.421039
-11.626822,250,55.457558
0.57657826,211,55.487451
1.4290706,194,55.509208
-25.260708,118,55.527887
-23.86037,90,55.688571
-27.734985,168,55.724224
-25.757952,131,55.740247
2.5795903,171,55.788091
2.42804,174,55.825992
1.8205224,186,55.870316
-24.845722,111,55.875138
1.4751493,193,55.891567
-23.740536,88,55.944367
2.878913,165,55.955407
-24.241922,98,55.968772
2.6814137,169,56.00572
-24.965584,114,56.058356
1.3207647,196,56.232647
-25.503504,123,56.234305
-28.49749,186,56.24953
-21.90273,46,56.270647
2.020113,182,56.322769
-25.301144,120,56.343914
-26.354454,140,56.380711
-31.097088,236,56.418163
-22.645313,58,56.426438
2.1254063,180,56.464903
2.6279783,170,56.478152
-24.413952,93,56.500086
1.8761569,185,56.567901
-25.879408,131,56.584435
-27.318676,159,56.593214
2.0307155,182,56.761031
-24.516493,96,56.783041
-27.987768,173,56.818131
-23.954794,92,56.833328
2.473743,173,56.834913
-24.593586,106,56.865899
-24.10978,95,56.908591
2.2753258,177,56.955798
2.4778047,173,56.967451
-24.118921,88,56.976962
2.5315895,172,56.999108
2.9278855,164,57.094966
-25.011295,113,57.099462
2.531054,172,57.115524
0.42929852,214,57.287829
-24.657907,107,57.311589
-21.562431,38,57.341532
2.2762365,177,57.370085
2.4711351,173,57.380977
0.92541707,204,57.44753
2.9224572,164,57.469698
2.9233985,164,57.511823
1.8742982,185,57.518032
-26.004198,135,57.562012
-25.259678,119,57.618568
-24.816954,110,57.661611
-0.27106178,228,57.671606
1.9290906,184,57.687009
-24.507275,104,57.879467
1.7807542,187,57.90748
2.5802164,171,57.951213
1.6730434,189,57.954395
-25.05672,115,57.969088
-22.921734,64,58.001256
2.62396,170,58.043341
-24.007751,93,58.045155
-25.130884,117,58.049581
-22.97222,65,58.108535
2.8307571,166,58.14851
2.9769807,163,58.201085
-27.513988,165,58.201135
-26.131227,138,58.24223
-23.361296,80,58.27361
-24.960245,105,58.422443
1.2728597,197,58.456191
-25.610527,125,58.501414
2.3266025,176,58.514023
-25.21309,119,58.516407
-24.50039,103,58.595283
1.1241304,200,58.617018
1.4318162,194,58.663642
-23.96024,92,58.679669
0.9796058,203,58.692017
-24.298979,99,58.771681
-23.942965,92,58.775498
1.674081,189,58.791792
0.6815406,209,58.973134
2.0283475,182,59.043581
2.9264407,164,59.04671
-0.5263556,233,59.087011
2.1305995,180,59.11513
-25.476614,124,59.144003
1.8751079,185,59.188755
2.7274194,168,59.218565
3.2316637,158,59.238798
3.4720173,153,59.263843
-26.78166,149,59.305049
-23.704473,87,59.33223
2.2332153,178,59.357941
1.9312459,184,59.4985
-23.46417,82,59.537901
2.0328112,182,59.563863
1.9720165,183,59.591234
2.629211,170,59.631551
-25.724676,130,59.639349
-25.055141,115,59.681284
1.3310882,196,59.717661
-24.85502,110,59.718498
-26.334232,140,59.749748
-23.970093,92,59.753663
-25.917713,133,59.821036
2.3270335,176,59.855168
2.4338984,174,59.998091
2.2778573,177,60.004514
-26.935226,155,60.055214
2.9698577,163,60.096435
1.9260722,184,60.148633
1.2293721,198,60.153352
2.7162685,168,60.18654
1.178074,199,60.250911
3.0787153,161,60.277982
1.025612,202,60.315197
3.0717654,161,60.32155
-24.840538,110,60.346866
-22.97034,65,60.372871
-23.164463,68,60.400354
3.0686307,161,60.529673
2.9848628,163,60.558768
-24.521181,104,60.569541
-24.363802,100,60.607758
-27.16761,156,60.637515
2.6828585,169,60.691213
2.2275925,178,60.709232
-24.232367,98,60.714711
2.9295845,164,60.73632
-24.354893,100,60.792387
-25.935814,134,60.79554
1.7760545,187,60.854483
2.5344758,172,60.870009
3.075171,161,60.917367
-28.086132,175,61.045341
2.7253213,168,61.119205
0.92875874,204,61.131899
2.5712342,171,61.170548
3.224533,158,61.174634
2.7251234,168,61.251955
-24.800783,109,61.256127
2.7294207,168,61.266135
-25.562115,126,61.27597
-21.98118,48,61.309274
-25.040085,115,61.355463
-23.715624,87,61.38744
2.4778767,173,61.412146
-23.21654,77,61.42476
2.6716604,169,61.428307
-23.313934,79,61.463933
-24.263235,90,61.656931
-27.014582,156,61.720395
3.1228719,160,61.754663
-0.4220866,231,61.771868
1.4711744,193,61.830929
-23.815935,89,61.851463
2.578261,171,61.873776
2.8165088,166,61.903229
-24.603691,106,61.969283
-27.152193,158,61.972911
-24.465155,102,61.995339
2.2752514,177,62.010942
-24.208092,97,62.226671
2.5275302,172,62.24961
2.1800776,179,62.258319
-27.616146,166,62.267729
-24.970022,112,62.346367
-28.789972,189,62.37539
3.3752394,155,62.389557
2.081153,181,62.392072
-25.549923,126,62.457924
-24.077389,95,62.463401
-26.953922,155,62.533531
2.5672612,171,62.545931
-24.99999,113,62.557494
-26.178593,137,62.584612
-27.52603,165,62.796475
2.5781035,171,62.811506
2.721387,168,62.819246
2.4178686,174,62.847907
-26.335659,140,62.928854
-24.929413,112,62.935092
2.0267463,182,62.938992
1.3155481,196,62.964877
-25.575628,125,63.032541
2.172773,179,63.068703
2.427652,174,63.101295
-22.9645,64,63.119155
-1.3216599,249,63.133934
2.4788156,173,63.168576
-25.986883,133,63.319856
-25.953358,133,63.337914
-24.364079,100,63.361556
2.8695574,165,63.377996
-21.743921,42,63.394484
-24.163248,96,63.395279
-25.291132,119,63.431158
-24.057983,94,63.46816
-24.258928,98,63.507979
2.667994,169,63.510383
-11.890755,250,63.594068
-26.472237,143,63.635102
1.0201226,202,63.640288
3.1770606,159,63.649177
-23.764534,88,63.68228
2.9754128,163,63.929806
2.180417,179,63.948859
1.5288488,192,63.968111
1.827223,186,63.999466
-24.009573,93,64.040928
-23.218086,77,64.045649
2.5256581,172,64.097617
1.0349962,202,64.21616
3.0283122,162,64.220083
2.4709015,173,64.237977
2.7210631,168,64.289605
3.0199308,162,64.563033
2.5334344,172,64.583562
2.5790935,171,64.599905
-27.555382,166,64.642207
-26.029173,137,64.744919
1.2234565,198,64.800202
0.9724809,203,64.830955
-23.589504,77,64.876736
1.3755447,195,64.916384
-24.661634,106,64.978034
-25.059944,116,65.098812
2.5733337,171,65.10555
2.4678392,173,65.138056
2.7206693,168,65.193609
-24.1315,96,65.199198
-24.529232,104,65.215682
-26.015755,133,65.412945
-24.063768,94,65.429446
-24.335108,100,65.440238
2.7260165,168,65.514965
-25.158607,118,65.521411
-23.962862,92,65.525303
2.1841211,179,65.594259
-25.911201,134,65.644299
2.5353446,172,65.674393
3.082806,161,65.674455
3.2795682,157,65.738945
-26.057266,134,65.76853
2.3735971,175,65.835594
1.7745086,187,65.847068
2.6772528,169,66.017555
2.5742884,171,66.044655
-24.860495,110,66.053312
2.7774725,167,66.111512
2.1834126,179,66.16302
2.2773223,177,66.188236
-0.13149251,225,66.234846
2.83253,166,66.243998
-24.885836,112,66.285005
-24.810127,109,66.345434
-11.897316,250,66.381373
2.8790689,165,66.386938
-24.097898,95,66.56136
3.0210643,162,66.562222
2.5265446,172,66.656523
2.5290494,172,66.662122
1.823784,186,66.736001
1.8287708,186,66.737022
-24.012602,93,66.758148
-24.894806,112,66.781037
-26.179438,137,66.866242
2.8336678,166,66.916544
-26.429539,142,66.91766
0.8216764,206,66.933873
-23.60552,85,66.951876
2.733254,168,67.273819
2.6357522,170,67.289636
3.3267894,156,67.292678
1.2744266,197,67.299949
-25.293242,121,67.400034
3.3795872,155,67.435062
0.97764313,203,67.460896
1.5291358,192,67.476525
-22.510382,55,67.526717
-24.608171,105,67.556258
2.4271088,174,67.560099
2.5180545,172,67.592641
2.6219206,170,67.689609
2.3284879,176,67.90755
2.4763894,173,67.909279
2.675243,169,67.963686
-26.351282,143,68.068833
-23.36403,72,68.188662
2.281622,177,68.191959
1.4239045,194,68.217263
-0.6228446,235,68.319558
-21.608192,39,68.365111
-27.172285,158,68.407082
2.5784235,171,68.419792
1.5213681,192,68.464403
-27.953056,172,68.567693
3.1841955,159,68.729003
2.328803,176,68.733676
2.1720395,179,68.775705
-24.01196,93,68.809079
2.7742915,167,68.852303
-27.861206,173,68.881907
-23.420727,81,68.888284
2.581602,171,68.935615
-25.125254,117,68.960931
-24.999874,113,68.987851
2.0812411,181,69.057702
2.8323407,166,69.090262
3.175653,159,69.108333
2.78119,167,69.14302
3.278829,157,69.440152
-25.657686,128,69.447652
2.8715,165,69.568527
2.777616,167,69.637091
-26.516651,146,69.725718
2.5767837,171,69.756485
1.6762544,189,69.869621
-24.951529,105,69.905329
2.3795438,175,69.906835
3.0775337,161,69.956451
-22.822306,62,69.989219
-24.892237,111,70.01727
-26.144144,137,70.140357
1.8702384,185,70.159754
1.8748361,185,70.395413
-24.34477,100,70.398232
0.02682315,222,70.40741
-25.157154,116,70.423876
-24.204292,97,70.486993
-25.563051,125,70.516536
-25.588995,126,70.526742
-25.015516,113,70.531283
-23.200825,69,70.599567
-25.189554,117,70.607457
-24.210102,89,70.632647
2.3253784,176,70.711602
-25.39349,123,70.766766
2.4734225,173,70.790227
2.3803482,175,70.7977
-24.310352,99,71.005995
2.731896,168,71.021024
-21.917973,44,71.042903
2.5203147,172,71.088331
2.5256257,172,71.095908
2.7178507,168,71.167305
-24.82712,102,71.181072
-27.467236,163,71.187377
2.2845993,177,71.25439
2.8827248,165,71.330412
1.4752256,193,71.340587
2.4279041,174,71.343195
2.6711178,169,71.407043
-24.838245,110,71.439526
2.2771916,177,71.604028
2.4807673,173,71.613719
2.4693713,173,71.673562
-24.361105,100,71.68726
2.183446,179,71.707112
2.6352906,170,71.75226
-24.699423,108,71.759439
-24.112074,95,71.782463
-23.970375,92,71.826568
-23.81605,89,71.831256
2.066844,181,71.832085
-24.670166,106,71.867201
-24.590765,98,71.907359
1.4317561,194,71.979663
1.7785426,187,71.979717
-28.786572,192,72.175743
-1.0711669,244,72.175794
2.1306114,180,72.236753
-0.2202052,227,72.274971
-25.676065,127,72.276674
-24.650627,106,72.321843
1.4779769,193,72.328868
-24.476648,103,72.416501
2.8758326,165,72.420999
2.1712308,179,72.432514
-28.673094,189,72.502448
-27.061113,154,72.697481
3.4326472,154,72.708478
2.372849,175,72.712162
-25.31418,120,72.748686
2.582376,171,72.866468
1.776703,187,72.870276
-25.79021,132,72.871219
2.1218839,180,72.880955
-25.032501,114,72.999215
2.7750378,167,73.05003
1.3801452,195,73.107474
0.7772094,207,73.142052
-23.90941,91,73.208454
2.6207657,170,73.256351
-21.733889,42,73.398017
-24.400368,101,73.410714
-25.003828,115,73.411763
2.5326037,172,73.56133
2.924676,164,73.568637
2.533185,172,73.577337
-29.270847,198,73.588123
-24.249258,98,73.664033
2.8764071,165,73.729042
2.7769504,167,73.75058
3.0270624,162,73.759697
-24.50475,103,73.782847
-20.985132,25,73.782906
-21.655817,40,73.829906
-23.864685,90,73.978968
2.5233312,172,74.046864
2.6784258,169,74.2454
2.9788465,163,74.260498
2.7748318,167,74.337617
1.1240331,200,74.433056
2.2298284,178,74.480831
0.87519276,205,74.576155
-26.166933,138,74.584509
-24.308348,99,74.710272
-27.98877,175,74.719857
1.5272409,192,74.754055
1.6790258,189,74.797662
-25.779476,132,75.025117
1.8306609,186,75.033497
-29.445362,204,75.05826
2.4271665,174,75.100676
-23.770609,88,75.106193
-23.909628,91,75.189593
2.0701327,181,75.199683
0.37395012,215,75.260344
2.230445,178,75.273026
-23.710737,87,75.352615
2.3737016,175,75.368768
1.2706958,197,75.380193
-22.57843,57,75.433975
-23.258701,70,75.435806
0.875826,205,75.454738
2.575975,171,75.644385
-26.612263,145,75.700534
1.8675786,185,75.755882
-0.72435844,237,75.782
-24.240976,98,75.78921
2.2799659,177,75.8044
-24.168716,89,75.861887
-24.27119,98,75.878518
-27.369831,162,75.902702
1.6860391,189,75.975712
-26.913343,154,76.002842
-26.213017,137,76.002891
-24.840996,111,76.003825
2.5772796,171,76.251584
2.6766834,169,76.274672
2.4788628,173,76.277098
1.4232341,194,76.293704
-24.915312,111,76.340184
-27.423624,162,76.405844
-26.329805,142,76.406822
2.2824569,177,76.416847
-25.467754,125,76.529581
-0.57213295,234,76.543166
2.4676285,173,76.562035
1.9301702,184,76.57275
-23.52098,83,76.638547
-24.290056,99,76.789413
1.7746469,187,76.820943
2.0274682,182,76.82883
-24.239021,98,76.846082
-25.45965,122,76.918216
3.0741553,161,76.960314
-0.07932939,224,76.972138
2.9769254,163,76.980382
1.8250419,186,77.08557
2.421534,174,77.120247
2.0281796,182,77.147366
0.726761,208,77.162813
-23.8611,82,77.194123
3.0304036,162,77.356906
2.4769378,173,77.430513
2.7784882,167,77.44026
0.3200847,216,77.507581
-23.594454,85,77.508474
-24.664251,107,77.517083
1.3713571,195,77.525028
-25.24837,119,77.607537
-25.344187,122,77.611321
3.0778112,161,77.665104
2.3671198,175,77.668799
2.3778787,175,77.769803
1.6789972,189,77.778864
2.0795145,181,77.952021
2.0695372,181,77.955402
2.5249572,172,78.04134
-25.829874,132,78.067897
0.17467223,219,78.091819
2.6730084,169,78.096806
2.231413,178,78.189676
-25.251678,119,78.193296
2.3813953,175,78.212328
2.5275207,172,78.232787
-24.24936,98,78.30199
-25.837986,133,78.314482
-24.312939,99,78.326611
1.8771316,185,78.489941
-25.606276,126,78.544441
-25.058575,116,78.546183
-24.263088,98,78.570775
-27.102179,158,78.590365
-23.99766,85,78.646285
-23.561907,84,78.668784
2.6817203,169,78.694561
2.2234683,178,78.70462
-21.863533,45,78.735492
-25.482735,125,78.818962
1.9738885,183,78.836002
-0.9267491,241,78.867079
-23.209223,70,78.900595
1.8761722,185,78.905209
-26.197807,137,78.946954
-23.33783,72,79.15271
2.3811526,175,79.170107
-26.340578,143,79.173719
2.2255898,178,79.210126
-24.456553,103,79.265152
2.3231673,176,79.314444
2.1784735,179,79.337853
2.7251601,168,79.364299
-24.766344,109,79.412561
0.727296,208,79.455805
1.1846658,199,79.545078
0.6685821,209,79.596316
2.8774838,165,79.742055
2.4717808,173,79.785364
-24.210623,97,79.811928
-23.848051,90,79.869831
0.9828979,203,79.882576
2.4301128,174,79.901776
-25.790087,131,79.993973
-25.943018,133,80.005587
-0.48123252,232,80.034705
-25.61652,125,80.120321
-1.3279408,249,80.13036
-25.036581,114,80.139212
-21.64305,40,80.156409
2.0252657,182,80.16048
-23.802118,89,80.353491
-24.696869,108,80.361975
-24.34659,100,80.380606
-26.267256,138,80.414402
-25.285744,120,80.464404
1.7249023,188,80.521329
2.2696667,177,80.53912
2.5219498,172,80.57525
-26.703886,148,80.607209
-24.867895,112,80.629267
-25.099096,115,80.685242
-27.311325,159,80.691896
-26.517218,143,80.761484
2.333928,176,80.770413
2.6282392,170,80.962043
1.7251025,188,80.981673
-24.537287,104,80.984196
2.78086,167,81.026182
-25.115776,117,81.07782
-23.857143,90,81.098771
1.1831266,199,81.121211
1.9189464,184,81.129034
-24.269241,98,81.156846
3.2339144,158,81.224534
2.6256452,170,81.260783
-25.690128,127,81.26172
2.5816007,171,81.270852
-21.39175,34,81.29351
-24.149,96,81.359233
-25.223524,119,81.489987
2.9761362,163,81.493347
2.426094,174,81.560966
-27.553873,166,81.61175
2.5790567,171,81.624986
2.7262368,168,81.62588
2.5715823,171,81.712195
2.775207,167,81.769245
2.9775581,163,81.782875
0.6283847,210,81.82985
-25.745935,131,81.83992
-24.054913,94,81.874301
-23.608906,78,81.901428
2.27183,177,81.93667
1.8281118,186,82.147163
2.379871,175,82.17073
2.572968,171,82.194183
2.2817955,177,82.2346
2.9241529,164,82.343824
1.5727855,191,82.344782
-0.023796929,223,82.350238
1.6277019,190,82.411218
-24.906942,111,82.449394
-25.241507,118,82.455024
2.3214912,176,82.519064
2.5691342,171,82.725045
2.7264462,168,82.765085
1.6270925,190,82.779593
2.820754,166,82.822429
2.9226613,164,82.876846
-26.849531,150,82.919418
2.2759118,177,82.92964
1.8814107,185,82.995294
-26.011675,136,83.055102
0.22690974,218,83.079772
0.73011315,208,83.113921
2.6260338,170,83.161018
-25.462812,122,83.177189
2.3319588,176,83.379044
0.82592976,206,83.438253
2.9257574,164,83.440147
2.4735389,173,83.465541
2.5315452,172,83.538369
-25.391075,123,83.554035
-25.784128,130,83.563365
2.0770693,181,83.634628
-24.569073,104,83.653732
2.4356647,174,83.703291
-23.714119,79,83.784983
-11.87189,250,83.947317
1.4731866,193,83.979698
-1.3682946,250,84.01081
2.0263987,182,84.07654
2.034121,182,84.096858
-24.797693,109,84.100532
2.2196145,178,84.128562
-24.786268,109,84.201676
1.8267022,186,84.251345
1.7722522,187,84.275461
2.2255397,178,84.299067
-25.72303,128,84.326002
-22.977137,65,84.358527
-24.085522,92,84.3604
2.2277575,178,84.536113
2.3738198,175,84.595193
3.22193,158,84.610449
2.581955,171,84.622207
2.8200955,166,84.668568
-24.773495,101,84.678392
3.2744608,157,84.756366
2.2768703,177,84.760669
-26.564035,144,84.792331
-26.036116,136,84.793999
-24.409275,101,84.843025
-24.899614,112,84.895795
0.57222855,211,84.951342
2.4769797,173,84.954119
2.175727,179,85.136272
-23.413021,81,85.151924
2.4743896,173,85.174639
-25.215343,119,85.179489
-25.067083,114,85.25144
2.4757328,173,85.291691
-25.85507,130,85.297625
-26.304106,139,85.312561
1.031828,202,85.476141
2.2256322,178,85.496443
2.2259545,178,85.504579
-23.545889,76,85.582218
0.021509277,222,85.58847
2.7243495,168,85.863395
-25.111168,117,85.876625
2.2726889,177,85.877574
-21.33745,33,85.915963
-22.18539,49,85.935856
2.229752,178,85.943219
-25.443213,124,86.010214
3.1701875,159,86.153224
-25.069874,116,86.219304
2.4843597,173,86.225564
1.330659,196,86.247663
2.5736933,171,86.427239
2.9252067,164,86.493653
2.9359455,164,86.500196
2.3275657,176,86.550157
-26.250937,138,86.82454
2.4215164,174,86.925352
2.4316525,174,86.933344
2.5183759,172,86.980125
2.3280897,176,87.102678
-25.236002,118,87.10829
-24.93298,113,87.135533
2.5761747,171,87.17012
-23.949812,92,87.224336
-26.666508,149,87.25217
-24.021454,93,87.258667
2.5735054,171,87.278522
-23.520893,83,87.305324
3.3743167,155,87.540114
2.4711866,173,87.562298
2.3747683,175,87.583207
1.7818538,187,87.620938
2.9287677,164,87.692411
2.1725821,179,87.727549
-25.230547,118,87.730331
2.728959,168,87.738346
-23.40689,81,87.802825
-25.319218,121,87.803766
-25.785004,132,87.854196
2.3313808,176,87.908945
3.3234534,156,87.956741
2.9750986,163,87.962325
-26.519918,143,87.994943
-25.16293,116,88.220457
2.3352818,176,88.224102
0.832904,206,88.299874
1.8333045,186,88.321694
2.5262213,172,88.39957
1.424266,194,88.429023
-25.407045,123,88.439223
-21.296705,32,88.4678
0.42688954,214,88.592288
3.0231442,162,88.614007
-25.349821,122,88.638568
2.175529,179,88.676639
2.5781627,171,88.91417
2.825593,166,88.925176
1.6834203,189,88.963149
1.5780364,191,88.99574
2.5230155,172,89.072012
2.820571,166,89.07667
3.476101,153,89.135847
0.72179425,208,89.152957
-24.35596,100,89.168382
-24.812956,110,89.172833
-24.422161,102,89.260602
2.4760103,173,89.291924
2.5742707,171,89.307454
2.320631,176,89.456076
2.124145,180,89.536364
3.1702762,159,89.5607
1.4299604,194,89.574852
1.5256053,192,89.607657
-25.569738,125,89.634246
2.2344398,178,89.699632
1.6695462,189,89.722064
2.4340525,174,89.74341
2.3245173,176,89.775622
2.3333673,176,89.850916
2.0719004,181,90.003793
3.0719175,161,90.009612
3.4827857,153,90.032005
-25.679583,127,90.077279
-23.6793,87,90.100126
2.932342,164,90.13363
-22.253214,50,90.139803
2.6799297,169,90.143131
3.1677976,159,90.221524
2.9742413,163,90.299594
-24.504698,103,90.318076
1.9724809,183,90.321755
0.7213756,208,90.333566
-26.106253,137,90.445186
2.0267196,182,90.587131
2.7775383,167,90.59122
-22.66216,58,90.633349
0.27502167,217,90.644228
-25.839533,130,90.693812
2.3727584,175,90.709173
2.5747895,171,90.767567
2.522459,172,90.779376
-24.815083,109,90.794245
1.9246932,184,90.837945
2.4726048,173,90.9144
0.9681865,203,90.926233
2.4246616,174,90.930193
2.570148,171,90.971141
2.5275092,172,91.182119
0.72236836,208,91.194706
-26.703342,140,91.198671
1.1304914,200,91.200257
-24.663746,106,91.264742
-24.464901,95,91.272469
-25.839567,132,91.303057
-22.312931,51,91.304646
2.279708,177,91.333072
-25.447186,124,91.369608
-25.614117,128,91.402859
-24.006214,93,91.405188
-26.108469,135,91.409908
-22.737816,64,91.459927
-24.775467,109,91.490141
-28.6867,187,91.630166
1.2280265,198,91.672102
-24.117336,88,91.673672
2.3275008,176,91.711984
-24.13937,96,91.748487
3.1737714,159,91.753935
2.6331096,170,91.804455
2.3804026,175,91.847879
-23.408134,81,91.867327
2.8305278,166,91.877807
1.3756276,195,91.906063
-24.241371,98,91.944396
2.7253537,168,91.979328
2.624485,170,92.124176
-24.519232,104,92.139421
-26.87439,152,92.213113
-1.323182,249,92.21549
-24.799816,109,92.225744
-25.797808,130,92.227331
-24.881289,111,92.317299
-24.92204,113,92.321972
-25.404808,122,92.343868
2.3731017,175,92.390093
-24.356495,93,92.406116
-25.868809,132,92.466381
0.82834065,206,92.516301
-24.106304,88,92.564095
2.6240196,170,92.565179
-28.014862,173,92.587202
-24.063162,86,92.798327
2.7254257,168,92.81161
2.1234775,180,92.855782
2.1308613,180,92.856716
-24.363228,100,92.896354
-25.692884,128,92.906162
-24.1556,97,92.943283
-24.601809,107,93.002086
2.9305801,164,93.003942
2.278253,177,93.055127
2.8224664,166,93.092438
-24.311289,99,93.09339
-25.759853,128,93.11852
-25.160063,118,93.322419
-24.306688,99,93.329807
0.82926667,206,93.359808
2.723568,168,93.362949
-24.456615,102,93.402634
-25.720993,128,93.462737
2.6268144,170,93.46277
2.6732774,169,93.493534
-25.92625,134,93.511762
-21.523838,37,93.545227
-24.5009,103,93.553326
2.5748906,171,93.615803
-26.859385,150,93.630262
1.9685532,183,93.711061
1.9286681,184,93.720031
2.57477,171,93.882429
-23.167065,76,93.891108
-0.67320335,236,93.946011
0.23270617,218,94.01008
-27.987024,173,94.017856
2.1203327,180,94.032001
-26.408552,141,94.056156
-24.850668,111,94.096993
-26.20672,140,94.1282
3.3276296,156,94.178914
1.229231,198,94.187406
2.675706,169,94.259684
0.38016713,215,94.265142
-26.049717,135,94.409048
1.0765344,201,94.465295
-25.42696,122,94.490745
2.423791,174,94.526717
-24.92469,113,94.55567
2.4237523,174,94.56068
-26.175913,139,94.602192
-25.406927,122,94.623928
-23.803226,89,94.671401
2.8224096,166,94.686996
2.767942,167,94.693969
-23.7157,87,94.746462
2.8296366,166,94.762499
2.12989,180,94.970026
2.2745008,177,94.973193
2.682159,169,95.014726
2.5245104,172,95.030983
3.1801648,159,95.094686
1.3692352,195,95.131451
2.5673885,171,95.176785
1.326789,196,95.180393
2.783783,167,95.245952
-25.416618,121,95.285813
1.667081,189,95.302098
2.5792456,171,95.334994
-25.14159,116,95.351164
-24.249895,95,95.371778
-24.813385,109,95.530994
-25.588737,126,95.595457
1.5720073,191,95.637929
2.52739,172,95.657688
2.426652,174,95.688317
-25.464941,123,95.748146
1.9764415,183,95.759762
2.73217,168,95.808132
2.8770556,165,95.835896
2.9768257,163,95.894034
2.473003,173,95.91445
-24.596628,105,95.929599
-23.458244,82,95.967183
1.6800882,189,96.0969
-22.648266,58,96.100931
-23.016226,73,96.158384
-24.839787,103,96.169213
2.3774266,175,96.179414
-24.88858,112,96.266656
-11.856337,250,96.292337
2.522964,172,96.292365
2.425324,174,96.304965
-24.67851,108,96.351642
-23.89103,83,96.35805
-24.25813,98,96.435605
2.1314645,180,96.441904
2.4294524,174,96.450968
3.019442,162,96.50015
-24.3484,93,96.71707
2.8753128,165,96.72398
2.427641,174,96.725848
2.617094,170,96.736267
-24.50321,103,96.815297
2.275422,177,96.875578
2.4273868,174,96.892759
1.7816621,187,96.892791
-23.746023,88,96.894616
-24.767212,101,96.966559
-24.190935,97,96.981898
-24.552563,97,97.053926
1.2306787,198,97.070973
-25.415104,121,97.090715
-0.4280423,231,97.101588
-25.174059,118,97.272721
-22.057175,46,97.309114
2.8250499,166,97.343012
1.533413,192,97.346084
0.628749,210,97.385727
-26.255133,131,97.411516
-24.018452,93,97.415424
-23.400295,74,97.443608
2.9275227,164,97.473528
2.430542,174,97.550712
0.8241025,206,97.571861
1.7346154,188,97.589671
2.5782557,171,97.607438
-25.264915,118,97.787245
-26.066113,135,97.81874
1.3291961,196,97.827357
2.1752381,179,97.870481
-22.635311,62,97.87619
-26.171192,137,97.926065
0.62237465,210,97.953002
-21.77842,43,97.992233
2.084713,181,98.022559
1.577717,191,98.037665
-23.887178,88,98.071536
1.3290168,196,98.100994
-25.143156,117,98.129862
-26.180983,139,98.164848
-25.62755,128,98.347493
2.8738036,165,98.352012
-25.499378,123,98.371295
-25.168585,118,98.40222
-25.0997,116,98.452688
-26.411844,141,98.48002
2.178928,179,98.566016
-0.9792527,242,98.593044
-26.012024,133,98.603365
-28.871765,193,98.633206
-25.783222,130,98.751183
-25.307493,119,98.785991
1.0309039,202,98.800795
2.3775396,175,98.814948
-25.343634,121,99.003976
-23.910555,91,99.014268
-24.737469,108,99.017421
1.2724029,197,99.107274
-26.404793,143,99.116221
3.4289036,154,99.136042
2.4188628,174,99.157476
-24.523111,104,99.250605
2.427918,174,99.260464
2.2823715,177,99.294736
-30.40325,222,99.314255
-23.029203,66,99.32094
-24.787666,109,99.39473
1.6211463,190,99.550176
2.3311396,176,99.596721
2.4688168,173,99.600026
-25.03418,115,99.645685
2.8850727,165,99.660662
-24.676186,107,99.685326
2.277979,177,99.743428
-25.995274,133,99.752242
-26.773144,141,99.802545
2.177371,179,99.810131
-25.44051,122,99.866649
3.4727645,153,99.885212
-25.420822,121,99.918605
2.4241548,174,99.981348
3.574749,151,100.140316
0.42988884,214,100.218691
1.5798532,191,100.228388
2.375101,175,100.264029
1.9243737,184,100.301118
2.6233263,170,100.377375
1.6700784,189,100.385915
2.4789433,173,100.442235
-24.132896,96,100.499994
2.1228342,180,100.50377
-26.72203,149,100.584793
2.8193069,166,101.105274
2.67704,169,101.113237
-1.3243197,249,101.151894
1.828662,186,101.195585
-24.222675,98,101.21794
2.7240257,168,101.277671
0.63795006,210,101.348964
1.6299182,190,101.372038
2.520718,172,101.442805
-1.2722052,248,101.455791
-23.504854,83,101.525122
2.1767578,179,101.526267
-0.47639644,232,101.734725
2.478599,173,101.753874
2.6304116,170,101.809419
2.277946,177,101.815722
1.6828309,189,101.904864
-28.914576,193,101.930625
3.284052,157,101.960384
2.8752522,165,101.976258
2.974556,163,102.060096
1.4358789,194,102.115628
2.176795,179,102.132354
2.9292703,164,102.133655
-24.190113,97,102.155238
-24.340431,100,102.36906
-25.964825,132,102.397357
2.4206867,174,102.418138
1.8732196,185,102.46207
-24.576536,105,102.51546
2.979104,163,102.517544
2.3687625,175,102.558363
2.1327944,180,102.635947
-25.403803,122,102.676345
2.5809546,171,102.681926
1.3800794,195,102.703184
2.2767134,177,102.951547
2.281951,177,103.001655
1.9858891,183,103.033502
0.42641747,214,103.042019
3.1242752,160,103.11434
-23.743296,88,103.118393
-24.773563,109,103.147324
2.1835546,179,103.172849
2.5297403,172,103.287125
1.0750171,201,103.310741
2.376171,175,103.318817
2.2288394,178,103.346457
-24.426512,102,103.438439
2.5250378,172,103.445325
2.670178,169,103.595049
1.3237163,196,103.61249
2.5241642,172,103.704923
2.4232006,174,103.712109
2.371973,175,103.736162
1.5235559,192,103.764686
-24.409334,101,103.784727
2.33208,176,103.853922
3.2702675,157,103.863897
2.4250045,174,103.906678
2.2735476,177,103.929614
-28.909828,191,104.143711
1.6772815,189,104.15154
-25.618437,128,104.167844
2.2201915,178,104.185426
2.8728294,165,104.275191
-25.152044,116,104.277598
1.4830705,193,104.305125
2.4183831,174,104.305932
-28.241209,181,104.419838
0.5305444,212,104.441999
2.1296563,180,104.448351
1.0822517,201,104.466837
-25.0845,116,104.678455
-25.296722,120,104.687913
-25.265898,118,104.703088
2.231142,178,104.707207
-23.06159,66,104.744725
2.2768068,177,104.827116
0.77513134,207,104.875238
2.2735233,177,104.889626
-11.889421,250,104.914302
2.482049,173,104.974877
-26.316133,139,105.015604
1.7872936,187,105.044403
2.026135,182,105.085273
2.0247474,182,105.290469
1.9794961,183,105.35706
0.23200332,218,105.362435
2.7196698,168,105.382216
-24.887188,111,105.389819
-23.708225,87,105.436128
-24.670254,106,105.544563
1.7261564,188,105.544633
2.8716068,165,105.553311
-21.77541,43,105.587933
0.2721187,217,105.597864
-25.02209,115,105.668286
2.9790068,163,105.706379
-26.092205,128,105.714223
2.1273694,180,105.916573
1.1262847,200,106.003614
2.433138,174,106.017323
-25.8706,133,106.048472
-23.305222,79,106.097275
-11.857647,250,106.10195
2.127595,180,106.179661
2.6780477,169,106.207237
1.8265411,186,106.269353
-24.670996,107,106.277641
1.3286897,196,106.283071
2.775207,167,106.359145
2.4253802,174,106.546109
2.0794396,181,106.559307
1.677725,189,106.570354
2.026084,182,106.633784
-25.020306,113,106.651288
3.0294228,162,106.677171
-24.13438,96,106.72744
1.1310731,200,106.731322
-25.928823,135,106.741218
-26.197104,138,106.838335
-11.906075,250,106.878565
2.379177,175,106.882743
0.8767148,205,106.897293
-24.515434,96,106.916807
2.6781616,169,107.138626
2.174911,179,107.142997
2.2278872,178,107.162416
2.377009,175,107.180814
-25.511208,123,107.264395
-24.678688,107,107.269779
-26.503538,143,107.278352
-21.08518,27,107.301637
-24.955095,112,107.369879
-26.415794,141,107.392456
-11.920503,250,107.422567
-25.810898,129,107.423656
1.6358329,190,107.716999
0.08459769,221,107.723395
2.1745534,179,107.732226
1.2205974,198,107.751705
-23.119446,68,107.780723
-24.471354,103,107.821994
-24.914942,112,107.839508
2.8843918,165,107.907628
-24.511211,103,107.918455
2.4710827,173,107.944807
-25.356733,121,107.954568
2.434126,174,108.076701
2.5283022,172,108.085153
2.9228477,164,108.116262
2.2317533,178,108.12039
-25.101772,115,108.352677
2.8804984,165,108.362694
1.4829808,193,108.395287
1.6789867,189,108.421986
-25.033354,115,108.467336
-24.619415,106,108.493163
-23.989166,93,108.507621
2.2784452,177,108.513613
-24.9685,113,108.618488
1.5721818,191,108.644771
2.772664,167,108.648526
1.4782535,193,108.686565
-25.418991,123,108.880644
3.4291897,154,108.908538
2.4734402,173,108.956092
-11.461464,250,108.958548
3.1293387,160,109.00624
2.334145,176,109.046226
2.7263112,168,109.089775
0.6314498,210,109.120196
-25.195887,110,109.132621
2.2272682,178,109.14586
-24.052568,94,109.163861
-24.707832,108,109.248046
2.3176074,176,109.258326
-27.107004,156,109.267624
-11.5331135,250,109.448894
-24.666023,106,109.452453
-24.6504,106,109.472144
-22.719452,60,109.497807
2.2743912,177,109.520436
-24.370186,101,109.577944
3.0789237,161,109.58113
2.8789024,165,109.603611
-24.065073,94,109.654018
2.4314232,174,109.656338
2.1812935,179,109.717289
2.233159,178,109.742146
2.0328546,182,109.913083
1.4239026,194,109.920268
2.825436,166,109.987078
-0.61682117,235,110.015984
1.0291759,202,110.071401
0.97340786,203,110.079277
2.5702362,171,110.120661
-28.065918,174,110.152485
-24.133636,88,110.189739
2.6316833,170,110.204806
-23.738705,88,110.221139
-30.387114,221,110.252239
2.7259054,168,110.439556
1.9793135,183,110.483522
-0.970332,242,110.514087
1.9759561,183,110.51569
-26.72905,148,110.557167
-26.223227,138,110.592545
2.5753694,171,110.649325
0.5312587,212,110.679727
2.625164,170,110.689804
-27.914953,171,110.725836
-25.38199,122,110.744662
-23.566523,84,110.81002
2.631607,170,110.822603
-25.758583,130,110.827425
-1.3721017,250,110.994261
-25.390434,121,111.043342
2.4873767,173,111.068517
3.0754752,161,111.071625
1.8199912,186,111.143981
2.3763871,175,111.210032
2.3272676,176,111.214375
-0.324993,229,111.230502
2.9732604,163,111.278805
-25.858702,132,111.318295
-25.018686,113,111.322186
0.9814626,203,111.501819
-24.513144,103,111.528493
3.2277846,158,111.534226
2.4286327,174,111.58844
-25.54954,125,111.605638
1.9785868,183,111.679095
-29.066187,196,111.683725
2.434187,174,111.725638
2.2726755,177,111.745018
2.235426,178,111.817501
2.2736888,177,111.82144
-25.65574,128,111.825379
-26.915623,151,111.86252
2.824257,166,112.065418
1.6745025,189,112.079568
-0.16650762,226,112.116098
0.88726914,205,112.137634
-24.052156,94,112.153564
2.2853088,177,112.204733
-24.430494,102,112.217954
2.4734464,173,112.252242
3.226256,158,112.276986
2.177446,179,112.348918
2.3265152,176,112.361823
2.272121,177,112.397101
-25.11453,116,112.556996
-0.67183197,236,112.583659
1.9310943,184,112.621091
2.3730826,175,112.649005
-24.457575,102,112.663148
-23.886574,91,112.69191
1.9800068,183,112.699713
2.7265868,168,112.794559
1.728572,188,112.796184
2.6765723,169,112.824365
1.2812206,197,112.853919
-25.85987,130,112.925384
2.6332278,170,112.926961
2.5315666,172,112.930074
0.97101986,203,113.126501
-25.811073,129,113.141188
-25.965218,132,113.145236
1.9227916,184,113.189086
-25.957527,135,113.250614
-29.476238,204,113.286687
1.0286456,202,113.299462
2.1249723,180,113.330438
-25.720734,130,113.352777
2.8259954,166,113.416688
2.4754224,173,113.434613
-23.136755,68,113.602898
2.3749533,175,113.604512
-30.062214,214,113.612572
2.3770976,175,113.677897
2.9712472,163,113.739835
2.4239993,174,113.750528
2.1818633,179,113.762319
-25.607903,118,113.770793
2.48133,173,113.874947
2.0790844,181,113.891187
1.7308713,188,113.908338
0.7256471,208,113.932177
-23.9647,92,114.094148
2.526011,172,114.140392
-25.656713,128,114.147578
-1.2721614,248,114.183288
-23.034367,66,114.199024
2.0325165,182,114.237189
2.9252148,164,114.268341
1.2726108,197,114.337261
-0.12574567,225,114.374773
2.1704516,179,114.408375
-0.21654405,227,114.41457
-25.674644,127,114.436293
-27.215712,155,114.611053
2.9319024,164,114.658509
2.2833948,177,114.662474
1.2374202,198,114.706885
-24.544353,104,114.739783
1.4748412,193,114.762964
3.278195,157,114.785403
2.1344295,180,114.84814
1.9235841,184,114.884291
1.8287326,186,114.908401
1.8290015,186,114.930938
-25.336243,120,114.941869
-24.514421,104,114.965211
-23.513767,83,114.972972
2.475905,173,115.191829
1.371399,195,115.19813
2.4228444,174,115.216174
2.020042,182,115.230211
-24.471443,103,115.272117
2.2731824,177,115.336861
2.6242404,170,115.349443
3.3798428,155,115.351818
0.7301494,208,115.435287
2.98001,163,115.476764
-23.05796,66,115.486895
1.2216502,198,115.491691
1.3749381,195,115.504029
-24.833586,111,115.688494
-25.73337,128,115.691777
2.7726784,167,115.736921
1.2779218,197,115.786033
-24.72311,108,115.835408
2.028203,182,115.84489
1.8309938,186,115.851075
2.284792,177,115.926732
-24.492996,104,115.933696
2.2293863,178,115.985435
0.6772052,209,116.000341
-25.704258,130,116.035302
-0.57488334,234,116.226816
2.8264933,166,116.232251
1.4764501,193,116.268572
0.027938949,222,116.326834
2.526698,172,116.367523
-25.66834,128,116.369123
1.0776597,201,116.384537
0.7248517,208,116.488962
2.4254766,174,116.502867
2.3231149,176,116.506037
2.2786088,177,116.522968
-24.732677,109,116.707869
1.929433,184,116.763932
1.7748967,187,116.786025
-11.875299,250,116.801956
-21.860165,45,116.821757
-28.082132,176,116.84704
-25.17183,117,116.9144
1.6317636,190,116.914429
2.628436,170,116.938634
-24.341917,93,116.989372
1.1303569,200,117.00648
2.4300427,174,117.052402
2.4872847,173,117.073496
3.0828862,161,117.24898
-11.422341,250,117.310323
-24.117128,95,117.341707
1.0727617,201,117.345867
2.277792,177,117.349042
-27.331757,162,117.556767
-28.46066,174,117.577991
0.3245479,216,117.58651
1.6842786,189,117.587734
-24.41197,101,117.712773
-25.206701,118,117.759333
-26.571398,144,117.806494
2.13029,180,118.131844
-24.606762,106,118.138401
2.4316306,174,118.274297
2.2816138,177,118.325465
2.379218,175,118.367989
2.5198183,172,118.369109
-23.563297,77,118.450677
2.422295,174,118.473365
2.3193536,176,118.514051
2.5759912,171,118.54709
-25.684116,127,118.605586
2.1819448,179,118.630247
1.2756206,197,118.849556
-25.196514,119,118.860525
2.1802053,179,118.8615
-22.465302,54,118.907017
2.2290754,178,118.935218
2.3283129,176,119.018741
-24.063583,94,119.021575
1.2258893,198,119.028107
3.0274234,162,119.054962
-25.931822,135,119.142497
2.3823256,175,119.188354
1.5231906,192,119.197791
-11.543426,250,119.346973
2.228694,178,119.384645
2.3190427,176,119.58198
2.4260683,174,119.590762
2.6849847,169,119.697631
1.6810075,189,119.800855
2.6858025,169,119.855471
2.1731791,179,119.881903
-25.739758,131,119.943234
3.1744237,159,120.03444
-27.664803,166,120.093843
-25.903246,131,120.126257
1.3335735,196,120.156968
-24.35647,101,120.213699
-24.064238,94,120.229036
2.5259795,172,120.393117
-28.011135,175,120.485703
-25.671759,129,120.51882
2.023364,182,120.586306
-0.36572158,230,120.598155
-24.427734,94,120.607325
-23.818344,82,120.680733
1.587372,191,120.681697
-24.779242,109,120.6961
-21.94145,47,120.746435
2.3801894,175,120.787075
2.7751884,167,120.846081
1.1792728,199,120.878925
2.929171,164,120.905349
1.7281381,188,121.091772
2.4813552,173,121.131174
2.7765102,167,121.151678
-29.45326,204,121.201978
-25.116714,117,121.223844
2.582333,171,121.226969
-22.370523,53,121.243254
2.5302277,172,121.293738
-24.14805,89,121.306308
-26.957813,152,121.36037
2.1813526,179,121.406776
1.8299161,186,121.462549
2.1762013,179,121.467167
-21.664053,38,121.60936
1.8737928,185,121.635317
-27.764662,170,121.664204
-25.392498,124,121.681651
1.4351627,194,121.763204
2.3843002,175,121.774366
2.4305863,174,121.803563
2.474646,173,121.820298
-26.97301,154,121.886036
1.9835974,183,121.92001
2.1718683,179,121.945145
2.6259012,170,121.954506
-22.891539,67,122.121606
-0.32085502,229,122.181689
2.5860186,171,122.208051
0.020969497,222,122.228994
1.6289321,190,122.323743
2.3342671,176,122.374968
3.1266084,160,122.376108
2.976684,163,122.398643
-26.127663,138,122.441314
-24.732603,108,122.46553
2.5232372,172,122.535294
1.380356,195,122.53611
-24.92349,104,122.54886
0.08492671,221,122.73159
3.2343483,158,122.77534
1.9799606,183,122.795651
1.1784602,199,122.820527
-25.862709,133,122.836049
-25.389791,122,122.893936
2.5244613,172,122.912583
2.471404,173,122.958447
2.8741007,165,122.967761
-24.270515,91,123.029193
1.0238258,202,123.050974
1.5785867,191,123.061213
2.2348242,178,123.222797
1.5795871,191,123.317278
1.7797471,187,123.324297
-0.3137263,229,123.325271
0.4735433,213,123.389947
-25.136152,118,123.41789
1.9851271,183,123.461789
2.4862952,173,123.461825
2.3300824,176,123.535152
2.981481,163,123.554088
-25.486273,126,123.571192
1.027155,202,123.759417
-24.404215,102,123.764993
-25.102833,115,123.79005
2.1863198,179,123.809558
-22.215673,49,123.830112
-23.913996,91,123.833184
-24.211464,97,123.847046
1.9687725,183,123.99598
2.2195754,178,124.012032
1.7309123,188,124.022375
1.7731544,187,124.032124
-25.341145,120,124.099401
-25.038248,114,124.123681
2.4269328,174,124.166465
0.8281423,206,124.217821
-25.292494,119,124.363758
2.2300887,178,124.390605
-22.865263,62,124.414783
1.5851022,191,124.461039
1.3733331,195,124.508701
2.3729424,175,124.530348
1.1842281,199,124.572543
2.380258,175,124.601206
-26.675335,139,124.648617
2.3288403,176,124.65758
-24.866205,110,124.748163
-24.679888,107,124.754605
0.57316124,211,124.763184
-1.2145985,247,124.938774
2.7753882,167,125.008098
2.4302797,174,125.008126
2.1306248,180,125.025316
1.7776719,187,125.085022
2.5276742,172,125.142739
1.8790799,185,125.153732
2.3820782,175,125.163279
-26.274576,141,125.195841
2.0266123,182,125.285705
2.5210276,172,125.288165
0.7283393,208,125.442109
2.222406,178,125.451476
-26.507614,144,125.517818
2.585979,171,125.536916
-25.315825,120,125.536943
1.7362577,188,125.599735
-26.936169,152,125.637085
-26.52701,145,125.650456
2.2759924,177,125.675324
1.7757064,187,125.745056
2.130445,180,125.776904
2.224852,178,125.788521
2.123435,180,125.814831
