#{"t_start": 1779483238.350817, "env_id": "None"}
r,l,t
6.4045873,91,1.561031
5.100669,110,1.579397
4.341524,128,1.596751
3.5911856,149,1.616287
7.6720443,60,1.61813
6.298626,86,1.661378
7.250701,67,1.683038
5.114134,118,1.711906
5.0846386,118,1.732214
6.458395,85,1.785612
5.1667047,117,1.787287
3.8211522,142,1.79208
6.279498,94,1.869161
2.872446,165,1.875701
5.686713,109,1.886829
3.2458973,155,1.919198
6.823419,75,1.932353
3.4845676,152,2.532594
3.749623,142,2.559535
4.36146,134,2.565987
8.118739,49,2.575942
-0.3048092,220,2.581263
6.698972,82,2.627797
4.512389,125,2.693941
3.7736769,145,2.700752
3.3365898,156,2.727176
4.659521,125,2.749099
5.4590735,109,2.803212
6.591729,87,2.822478
4.379456,134,2.883333
6.535515,82,2.887289
7.8094993,55,2.922606
5.624236,109,3.144404
3.8612752,142,3.193384
5.4950304,107,3.205632
3.3686576,154,3.283605
7.590049,62,3.320025
5.9148545,103,3.427881
3.4911284,151,3.475263
4.104551,137,3.526846
4.453758,130,3.610022
6.1891613,95,3.820924
3.1614113,159,3.82873
2.8429418,162,3.883194
5.381803,113,4.04428
5.4791236,112,4.183198
3.986642,140,4.209257
6.031365,100,4.215053
3.5253606,151,4.282789
7.110429,69,4.319614
5.221789,113,4.350139
3.812376,144,4.853806
5.317888,112,5.032024
3.1506844,156,5.121421
4.2187457,134,5.16459
6.4087396,89,5.178174
6.987926,73,5.258326
5.7453046,106,5.28024
7.7056665,58,5.282237
3.5936103,150,5.567484
5.115915,114,5.687461
3.7615967,145,5.772762
2.5311975,171,5.813725
5.6982307,104,5.916456
3.9261127,141,5.924505
6.81861,81,5.941342
5.3887224,111,5.963519
6.387801,87,6.043461
5.3589916,113,6.25718
5.3255677,115,6.285577
2.970621,161,6.30367
6.352402,87,6.377415
3.106217,155,6.38036
3.208964,153,6.688208
7.4111037,66,6.77717
3.3726115,155,6.803055
6.4259057,87,6.810726
5.6345563,101,6.901432
5.433858,108,6.939134
6.188331,97,6.94458
4.9986978,121,6.999783
5.989615,101,7.116664
3.9725447,141,7.135772
5.064143,122,7.1528
5.022695,120,7.194202
8.061239,50,7.212751
6.648423,85,7.244794
5.522102,101,7.447633
5.8767056,104,7.475837
3.4148908,150,7.530947
6.0046077,92,7.535722
3.9793444,139,7.542596
3.6034527,149,7.616319
6.347581,92,7.617352
6.1430893,98,7.635976
3.6835814,139,7.673209
4.4801793,127,7.780044
6.037123,98,7.813678
3.5728464,151,7.81528
1.3344356,196,8.055132
2.7842631,166,8.217653
3.5715485,150,8.229507
5.6646237,106,8.427045
1.5652944,189,8.54916
5.974342,98,8.664457
5.7186074,108,8.749409
4.601648,128,8.749491
8.061505,50,8.844174
3.0308266,161,8.879066
7.6810913,60,8.924989
3.2457047,156,8.933869
1.5138036,191,9.016137
2.2110362,167,9.066848
3.5172591,148,9.087232
2.6219435,167,9.126292
6.5506263,87,9.200188
2.8754559,162,9.209823
6.2072983,91,9.239382
3.0877233,149,9.403344
7.922492,53,9.412702
8.110074,49,9.452569
4.539041,128,9.49563
6.8999715,75,9.528456
4.944127,122,9.535722
2.1926584,178,9.570654
6.0638914,95,9.625962
1.7616231,183,9.695041
2.0851092,181,9.745554
2.816311,165,9.766424
4.5371494,126,9.782944
5.810095,104,9.87017
2.9994092,163,9.874033
5.466334,110,9.889919
2.5387895,164,9.913587
7.236588,66,9.942821
5.4121723,105,10.123145
3.4152074,154,10.147698
4.539952,126,10.182733
2.683338,159,10.186903
4.379923,130,10.232319
4.4323635,129,10.254293
4.652856,123,10.285511
2.0977669,178,10.342328
5.733156,98,10.344262
3.8751812,143,10.360987
5.030866,118,10.399154
5.935017,93,10.464509
4.9640646,124,10.477248
3.2661753,154,10.50503
6.1803555,96,10.505071
5.47982,110,10.703442
6.074464,99,10.705139
6.570214,86,10.717772
5.285415,114,10.741107
7.982122,52,10.761204
6.248426,87,10.776182
5.3298106,116,10.836865
5.9649816,98,10.841979
4.2390275,133,10.886447
-0.56889904,233,10.899119
5.2882953,105,10.930391
4.3619113,131,10.947717
6.887352,74,10.963664
4.7524714,117,10.9913
6.49454,89,11.013777
6.019553,94,11.054656
4.3120112,134,11.076171
7.032193,76,11.086379
3.8224301,144,11.129588
5.645185,106,11.293809
4.3754706,130,11.337629
4.7879677,120,11.338542
5.788922,102,11.362187
3.8131266,143,11.421835
5.9763813,102,11.428757
4.251288,131,11.4551
6.8181553,81,11.498479
3.1048164,160,11.507957
2.6100178,170,11.589124
4.8301697,124,11.616239
2.0464048,172,11.618194
4.1182218,137,11.639221
6.505088,87,11.674731
7.1538224,70,11.708662
4.2372174,134,11.74737
1.5044528,186,11.922461
6.6592817,84,11.948297
2.822145,163,11.951757
1.942574,175,11.989967
7.5160227,64,12.001419
6.2282567,95,12.002254
4.862187,122,12.052433
5.862743,101,12.07401
5.7784243,106,12.090355
8.093039,49,12.09366
7.8035574,57,12.121563
3.334556,156,12.13147
6.122942,97,12.171814
4.6457715,123,12.198108
7.5148325,61,12.227423
3.7940054,145,12.250028
3.7369947,146,12.262292
7.3201694,65,12.288962
6.992293,71,12.331466
3.130217,159,12.471581
6.122544,95,12.499567
1.8415426,181,12.536092
3.5917768,148,12.595581
2.5287175,172,12.598826
4.109125,135,12.611264
4.8752575,123,12.638508
5.338569,112,12.6914
6.2567916,95,12.71996
7.835091,55,12.736277
3.6955142,148,12.736316
1.8516504,174,12.74524
6.645867,78,12.810983
6.0969553,90,12.811872
5.050816,121,12.820687
5.5850706,107,12.825895
7.063255,71,12.876528
5.3362675,106,13.032498
4.645342,126,13.062756
3.5491657,148,13.088265
3.6369934,146,13.132497
6.337735,92,13.143543
4.0743494,138,13.155952
6.2965593,92,13.16757
5.533951,112,13.240336
6.2998037,94,13.248416
3.7185183,147,13.259042
3.9126983,145,13.28401
5.8783307,95,13.330542
4.278484,125,13.376739
7.9425135,53,13.390386
3.9594264,141,13.428445
2.2953157,176,13.441942
7.9766164,53,13.483952
4.6457605,130,13.507095
4.813827,127,13.648141
5.733432,104,13.671386
5.5609107,108,13.710507
6.5872483,87,13.745099
4.528093,129,13.749346
3.4069362,154,13.779615
7.649596,61,13.801091
7.8615694,54,13.832082
3.5059628,149,13.846991
5.8729863,104,13.902409
1.905758,181,13.920972
6.326918,85,13.928442
7.8994718,54,13.953055
4.449015,129,13.955852
3.8139143,145,14.05897
4.5812774,125,14.072017
3.37364,154,14.074876
3.9264283,142,14.090635
7.5830026,62,14.254384
4.0152855,141,14.307706
4.158289,135,14.31473
5.021679,121,14.319656
5.716768,101,14.340777
6.519221,85,14.390094
6.4309645,83,14.408998
5.2486806,117,14.411438
6.076397,92,14.465306
6.5682573,87,14.481566
-0.74434173,238,14.505686
4.4762506,130,14.520068
7.294193,65,14.564754
5.6726313,108,14.578826
3.6029472,148,14.600787
5.984485,98,14.614297
5.6667504,99,14.676705
6.4341354,86,14.685286
3.7430868,146,14.833755
5.439912,114,14.850533
7.857441,55,14.882156
6.4628267,83,14.885543
3.3899922,147,14.935228
7.6672726,58,14.93792
5.4324465,110,14.948551
6.5528893,82,14.95678
5.9719195,96,15.024166
4.594429,128,15.069441
3.779306,143,15.073583
2.0601277,180,15.129065
4.3694015,135,15.156171
5.657279,104,15.170461
3.995533,139,15.208666
4.17104,135,15.25993
4.932008,122,15.274291
4.1600146,135,15.436741
5.9209304,103,15.443694
7.2201924,67,15.474633
7.7012153,59,15.499908
7.2757516,69,15.516335
2.4155064,174,15.575682
6.2178445,94,15.577619
5.431297,113,15.616501
6.254489,91,15.665818
7.91257,53,15.666843
4.5392,130,15.702632
7.8861065,55,15.719507
-0.72105205,235,15.75013
5.839652,103,15.766265
4.8939056,122,15.81849
5.5511246,104,15.850686
5.8140364,103,15.866136
3.4283118,154,15.868143
4.2867355,133,16.085235
4.621522,121,16.106119
5.4771194,108,16.111046
2.5219064,172,16.168164
6.499447,88,16.169166
6.641302,80,16.1852
2.8834634,154,16.294465
6.040696,93,16.302018
5.163353,115,16.352558
8.162604,48,16.363865
3.81698,144,16.367475
4.7519484,121,16.503687
4.7512116,120,16.683013
3.9387832,142,16.727669
3.607946,150,16.783736
6.1485233,93,16.799704
8.0728445,50,16.84638
2.7584586,165,17.203732
4.7670083,126,17.248003
3.0180683,159,17.251719
3.3831978,155,17.26157
6.8460135,77,17.41125
7.9693694,53,17.505601
2.6071563,168,17.528265
3.7305975,147,17.536613
3.4108782,153,17.549022
7.803146,55,17.610393
6.0169706,101,17.669126
4.614952,124,17.830326
3.4993215,141,17.942954
5.407501,108,17.955152
6.400281,84,17.967936
5.409323,111,18.128831
5.8438334,95,18.166649
5.315279,117,18.194521
2.6704364,166,18.484365
7.1697354,68,18.487429
5.3549967,114,18.521035
3.3051605,157,18.545446
6.9447384,77,18.566026
7.9440365,52,18.596913
3.7753425,145,18.62859
5.09497,119,18.637138
4.626093,125,18.686034
6.714892,83,18.709126
4.3964143,134,18.726273
3.571313,148,18.779483
3.7324576,137,18.818582
7.614043,62,18.840416
4.5792193,129,18.85084
3.537497,150,18.85368
7.9384756,52,18.889342
7.1151814,70,18.92194
6.915353,79,18.927816
3.5994868,146,18.961689
6.0680523,90,18.980985
5.963028,95,19.139164
6.283717,88,19.168111
4.8564444,123,19.168969
6.587938,86,19.184916
5.8415375,100,19.226503
7.856671,56,19.23063
4.5901213,121,19.272405
8.048942,51,19.273396
4.527702,126,19.275846
4.614459,129,19.335565
6.5342417,80,19.341201
5.709214,108,19.362924
7.004796,72,19.393491
3.9071727,144,19.395159
4.21425,137,19.453604
2.8185995,160,19.501787
8.0715275,50,19.501821
3.890872,136,19.516096
4.158749,135,19.517105
3.9645214,139,19.755059
3.7221212,143,19.761665
4.1624036,136,19.771273
2.46575,169,19.7986
7.21989,68,19.819061
5.3286734,105,19.855946
4.989099,118,19.876289
2.798634,164,19.964907
1.5066698,188,19.964962
3.5326836,145,19.986386
4.1179314,137,19.999855
6.58563,87,20.08334
4.4355936,129,20.090198
4.241698,134,20.09486
3.8067307,146,20.127501
5.404297,111,20.323338
5.142221,118,20.325057
3.3778944,149,20.344984
4.829604,116,20.355825
6.8690844,74,20.406773
5.4432716,103,20.410818
3.9183893,141,20.443698
5.1663365,117,20.456254
7.758946,58,20.494051
5.7622657,106,20.499755
6.977808,73,20.519016
4.0390778,138,20.532405
5.595655,110,20.604667
6.230856,87,20.626417
3.5090046,151,20.652395
6.890863,79,20.681609
7.7798414,57,20.706416
1.1322643,200,20.720421
5.8445487,105,20.726075
7.315584,65,20.893854
6.096663,93,20.895508
4.5120006,127,20.962412
3.850501,140,20.968156
3.8072588,142,21.013094
7.458862,65,21.016435
2.6325321,169,21.033442
5.7361555,101,21.051255
7.192924,69,21.072323
6.9615755,78,21.076458
7.8602796,55,21.095753
7.166943,73,21.130994
7.2839537,66,21.150817
3.0216522,160,21.166633
4.4600625,128,21.186174
3.8869486,143,21.263497
4.080886,135,21.276499
4.3458147,128,21.305118
3.4818487,151,21.307001
3.5592856,148,21.506099
3.8438683,144,21.539479
1.9623796,182,21.545169
2.5024285,172,21.564252
6.522747,89,21.617895
3.4015698,154,21.664634
4.3541656,131,21.67018
-1.1660985,243,21.708353
4.9184356,121,21.720549
4.6074247,125,21.77064
4.793657,125,21.776337
5.272159,116,21.802178
4.2193804,138,21.832042
5.5864058,111,21.98816
4.845732,124,21.993509
3.6311145,149,22.046966
5.7681217,97,22.074224
3.5777345,151,22.079159
4.74321,119,22.087318
6.905347,79,22.152051
4.0776567,135,22.18899
2.260408,177,22.191551
3.0689373,160,22.204477
4.2179747,138,22.263242
4.254813,133,22.299042
4.027609,136,22.299066
3.4175158,151,22.326625
6.300504,85,22.332233
8.167482,48,22.370898
4.592701,125,22.513701
5.81056,102,22.523221
3.1374865,159,22.54201
5.4752445,105,22.570208
5.7639375,99,22.594971
5.966029,100,22.623308
2.992787,161,22.653918
3.1547632,157,22.69795
6.0561266,91,22.727824
3.6117837,146,22.741512
1.416801,190,22.748882
6.339662,93,22.773002
5.5510564,104,22.825221
5.529569,111,22.837924
3.8527007,143,22.84275
4.2928643,133,22.879681
7.110589,70,22.894161
5.558635,111,22.914191
6.843022,75,23.069398
3.1997967,158,23.084956
4.1169333,140,23.107732
3.6752558,148,23.148927
6.5340414,87,23.155346
3.9200044,140,23.18259
7.530008,63,23.206217
3.4979577,152,23.230352
6.5716457,83,23.249597
6.239894,95,23.282531
2.3854485,172,23.287273
6.482877,90,23.302461
6.6959286,77,23.344388
3.495667,152,23.371514
3.9582477,144,23.402815
2.9331036,161,23.431642
3.3484287,155,23.583127
6.2048845,90,23.589619
4.2303414,134,23.59382
7.1316233,73,23.645595
4.475322,122,23.648086
5.937642,100,23.674105
7.721462,57,23.694643
3.3813958,152,23.721071
6.420374,86,23.745189
4.95284,123,23.746844
6.099292,98,23.800666
3.7881565,145,23.81305
5.591652,109,23.834996
7.719579,59,23.864144
2.5785942,168,23.884255
5.8616195,100,23.885078
6.4714923,86,23.907611
7.8862367,54,23.928
6.613236,79,23.971601
4.060898,140,23.97761
3.2741532,156,24.133219
4.1143904,133,24.158683
6.5280013,86,24.164337
7.813177,56,24.179876
3.9301832,138,24.212328
7.855077,54,24.256588
4.299006,133,24.267067
4.5545826,132,24.271853
3.9739919,141,24.294536
5.8479657,103,24.339641
5.743276,103,24.35491
6.780551,76,24.355789
4.645317,128,24.370125
5.031227,118,24.45037
4.047379,131,24.460095
2.4789753,173,24.479056
4.075125,138,24.481578
7.667027,58,24.52593
5.683137,103,24.657761
4.972223,121,24.662687
7.083502,70,24.697132
3.622747,148,24.715731
4.6287236,124,24.758959
4.166907,133,24.771052
5.1261578,115,24.790366
4.547501,125,24.817054
5.1363487,108,24.858044
6.1546745,95,24.866928
3.6055899,150,24.879758
3.7134142,145,24.93401
6.183086,96,24.935673
3.615621,150,24.988293
2.5234823,171,25.018345
3.867673,143,25.049912
3.7379541,147,25.054728
5.7275953,106,25.188
6.2696986,93,25.20767
6.4066525,92,25.238823
3.4651446,152,25.293807
4.0793247,140,25.30344
6.1805706,94,25.316337
3.8501267,142,25.324426
7.96119,53,25.358859
4.029828,138,25.404417
4.0934744,138,25.414091
6.938261,72,25.416639
2.3983822,172,25.462346
7.6075106,62,25.466416
5.4089007,113,25.505713
6.9159303,78,25.525942
3.2829633,157,25.531588
7.351883,65,25.558023
8.023214,51,25.566972
6.3851557,86,25.715995
7.6367126,61,25.722701
1.0631009,199,25.742884
4.64622,129,25.786403
4.408818,130,25.827481
5.5400376,107,25.829115
4.019765,140,25.82914
3.6028023,150,25.907056
5.211619,117,25.92368
1.7412778,184,25.980052
0.45438418,209,25.998864
4.5333247,126,26.028019
8.042215,50,26.039218
6.974097,74,26.040146
2.0110087,183,26.061174
7.6683946,60,26.091859
5.3451905,115,26.247907
5.475537,108,26.255174
6.224295,90,26.259222
7.8212037,55,26.260892
4.8260994,116,26.352984
4.018581,140,26.383286
2.8742259,159,26.40292
3.0430102,162,26.407389
5.4784446,102,26.442972
7.8098507,56,26.454684
6.5911665,82,26.473257
7.021242,72,26.5337
5.7351418,108,26.534535
1.2006465,198,26.55124
4.3850527,128,26.5628
7.818301,56,26.58042
6.3149548,91,26.611064
5.5582247,102,26.637347
6.0011106,102,26.649011
4.356888,132,26.827696
6.447827,83,26.85471
4.3788795,131,26.857282
3.0141444,157,26.904792
5.865767,96,26.937762
3.7645931,146,26.977363
-0.0056399233,219,27.012487
2.8396034,162,27.042516
6.4572935,83,27.048265
3.9101,141,27.057685
6.153853,97,27.125149
6.163573,92,27.136079
5.3588433,106,27.138563
2.7790418,163,27.151937
8.049489,50,27.181951
6.2876673,92,27.241295
4.3365016,131,27.249168
7.1176662,70,27.251195
3.738566,145,27.397714
4.4659495,132,27.48497
4.674505,124,27.50153
2.1260147,173,27.517046
8.108813,49,27.525215
0.80560887,206,27.537641
4.4352818,129,27.607818
5.6522613,106,27.612679
3.7026305,147,27.637759
4.1590285,136,27.649109
6.115569,99,27.693356
6.1616015,98,27.728971
3.360567,152,27.731397
3.307477,155,27.763475
6.119015,96,27.770599
5.7926226,106,27.931193
5.4687314,113,27.934505
5.996125,101,27.95988
3.937026,140,27.999254
6.032218,93,28.039283
4.0547833,139,28.04836
2.480163,169,28.07623
6.8003216,77,28.102102
3.0527415,160,28.133121
3.3842711,154,28.201102
0.59575,211,28.219579
2.8676572,162,28.233598
3.734776,141,28.247698
6.5012617,85,28.274572
3.9539585,135,28.363252
3.2039952,157,28.486542
5.5675497,103,28.494434
3.9467492,143,28.504979
8.002917,52,28.550965
5.251158,108,28.582669
5.7325892,102,28.58447
4.5587997,130,28.597056
8.166219,48,28.623745
4.655071,125,28.659232
5.27264,117,28.697563
3.7934542,145,28.708806
7.718396,59,28.709722
5.1599107,116,28.723659
6.1501803,97,28.790404
3.714501,146,28.820694
2.5376601,171,28.855878
1.144969,191,28.891492
5.351814,112,28.892483
4.5419993,121,28.93722
6.0441184,90,29.10691
3.5067534,151,29.127535
3.2917285,157,29.163028
7.7707314,58,29.211839
3.985402,134,29.223314
4.9980617,119,29.237814
-0.81605136,239,29.321168
5.8244014,104,29.374099
5.0621057,118,29.378902
4.2977257,129,29.418845
7.218734,68,29.576898
3.5987358,150,29.586196
4.5932126,126,29.647136
3.8065448,143,29.672387
7.994427,51,29.703191
7.0745316,75,29.741774
5.705828,106,30.075448
3.6475558,149,30.104645
4.472501,132,30.114727
2.9099813,164,30.172844
4.3129535,132,30.212725
5.2536745,117,30.228043
6.161259,91,30.262254
3.6312742,149,30.268154
5.0973234,120,30.364465
6.4507055,82,30.370003
4.0436935,139,30.370042
4.007086,138,30.444337
6.1630664,91,30.490181
6.000561,95,30.499394
4.512838,127,30.535215
4.9653893,121,30.577805
5.880479,100,30.603188
5.237701,109,30.604374
3.8708606,143,30.803612
3.867857,141,30.837771
3.4838762,153,30.86775
3.2026224,158,30.870967
3.4548821,153,30.928261
5.6476197,108,30.958929
2.9170413,160,30.96777
4.544192,132,30.975208
6.23075,86,31.044877
3.264102,156,31.065883
4.469691,125,31.071698
4.0271335,140,31.10321
5.9888334,96,31.134415
7.931653,53,31.153577
4.359082,133,31.192243
3.6802607,148,31.200006
5.981397,102,31.357418
4.001118,134,31.367265
6.4464364,89,31.384056
6.3685803,84,31.386529
4.0512547,142,31.473119
5.133251,115,31.477242
2.7976627,164,31.500938
3.6437435,146,31.505001
6.2743006,95,31.550439
4.2707067,132,31.585094
4.734303,118,31.601013
4.753904,125,31.60266
6.071385,100,31.664933
3.6910214,147,31.668967
5.3209605,109,31.689858
3.6740623,145,31.717452
5.7027955,108,31.866874
7.275381,67,31.886417
4.521437,128,31.88727
4.682149,129,31.909217
6.9742336,74,31.969397
4.179345,134,31.975921
4.2069106,135,31.997024
8.109568,49,32.009749
7.13025,74,32.036484
7.6589513,61,32.046933
-1.0005082,243,32.085413
7.2948437,66,32.09102
5.7563276,101,32.092637
8.081597,50,32.131029
5.726537,98,32.164294
6.064918,95,32.169163
2.2765245,175,32.189239
4.694551,122,32.229804
5.502742,104,32.253221
3.5396628,146,32.398683
4.763064,124,32.406061
8.089617,50,32.410227
7.215011,68,32.454373
3.4156466,154,32.471494
5.2370114,113,32.503795
6.5908804,82,32.547012
2.0680923,180,32.561929
6.458023,90,32.584974
3.469407,152,32.587547
4.5957785,126,32.657621
4.245754,134,32.678773
5.5957994,108,32.682802
3.330695,147,32.712231
5.2024994,118,32.753922
3.977555,137,32.790033
3.197318,152,32.806066
6.5604763,81,32.819054
2.8864837,161,32.956292
3.4837127,151,33.025884
4.785099,127,33.035872
4.597445,124,33.056706
1.6118385,190,33.073362
5.37071,105,33.109923
5.570062,105,33.119391
6.8889737,80,33.120222
6.6277137,81,33.137884
5.096622,116,33.218141
5.018508,119,33.221906
4.115231,137,33.226871
5.573809,111,33.235171
6.747251,82,33.298498
5.0584917,112,33.339191
3.9620318,140,33.348654
4.063611,138,33.355076
6.5270486,82,33.504378
6.254501,93,33.549959
6.5253143,84,33.556262
7.0548477,70,33.561805
4.7564645,125,33.583698
6.2657194,92,33.632928
3.8449154,144,33.672958
5.33664,114,33.684015
4.9533863,113,33.738448
0.21217452,216,33.755333
5.666085,109,33.786716
2.6278172,170,33.832127
5.7773986,105,33.835869
6.5989013,86,33.86625
3.7861247,145,33.889278
6.3518596,85,33.91455
6.5003967,82,33.943249
3.306148,156,34.10238
7.7742634,58,34.119516
5.095714,117,34.121232
1.6900522,186,34.198376
3.5940943,139,34.232132
3.8382874,144,34.237705
2.3369918,172,34.241778
6.478032,90,34.272799
6.3466997,90,34.309145
6.429893,84,34.348722
7.6127014,62,34.366458
3.4287,146,34.367391
3.4749303,150,34.375639
7.2639675,70,34.431129
6.4511275,91,34.43304
5.6045833,103,34.466217
4.24437,134,34.503386
4.6236315,123,34.679376
4.020697,140,34.720092
1.5510255,186,34.731292
7.9965243,52,34.779266
3.9799848,141,34.804304
0.96183217,204,34.815442
4.2983403,135,34.844496
6.879135,73,34.84639
7.163578,68,34.868146
6.0640774,99,34.939619
3.463048,153,34.960785
3.3344836,144,34.981223
3.5843825,149,35.008944
5.0954533,117,35.049491
3.2036147,157,35.105043
3.5186176,152,35.120583
8.096655,50,35.279508
5.3355017,112,35.280356
2.0931349,181,35.300516
5.4888577,113,35.371352
3.4182491,153,35.377016
4.326755,131,35.386688
4.8225017,118,35.396499
6.0790644,95,35.469252
4.4576597,129,35.483407
3.7431173,146,35.505632
3.8777738,137,35.519651
5.5304146,112,35.582421
5.76438,101,35.593917
3.4198704,152,35.605126
4.5795317,123,35.627519
5.246021,111,35.680891
5.4738503,112,35.692842
7.9721255,53,35.840004
7.7352667,59,35.85637
2.095899,180,35.873643
5.93936,102,35.939418
-11.626181,250,35.950817
3.2605639,155,35.967256
4.5656166,130,35.980126
7.967609,53,35.98337
6.387479,84,36.019588
7.182218,67,36.034017
5.0846343,119,36.062785
5.323902,116,36.07649
5.252514,111,36.108645
8.122335,49,36.115855
5.2097073,118,36.12872
6.281949,87,36.132736
6.3772745,85,36.184368
5.6288576,103,36.191605
6.138505,94,36.208314
5.7543464,107,36.214767
5.014537,119,36.402169
3.9946327,138,36.41027
5.7426896,108,36.416838
4.4300547,129,36.427468
5.7897468,102,36.49978
4.8432546,125,36.503809
3.0557203,160,36.539876
3.54819,151,36.549837
3.9292243,135,36.611765
6.8591022,81,36.618167
3.8583388,145,36.623793
5.4371347,112,36.633599
6.9808207,72,36.669824
6.02047,101,36.715348
4.6841583,123,36.717786
2.2265449,177,36.767495
3.9469671,140,36.903327
4.531089,129,36.943147
3.7403774,145,36.95404
4.9967237,115,36.998553
4.0321784,140,37.002631
4.6755433,123,37.044173
4.4524746,132,37.06182
6.09949,95,37.07549
5.940409,97,37.081078
6.3675485,90,37.116502
5.186129,112,37.151794
5.6025615,106,37.16113
6.397618,90,37.189283
4.099478,135,37.19013
8.017979,52,37.232216
4.3725677,131,37.258424
4.531707,124,37.261716
3.884727,142,37.306047
6.266543,95,37.424422
5.554844,105,37.462176
3.897871,143,37.490262
4.2652225,134,37.533769
7.8745537,54,37.533793
3.4449086,152,37.543417
4.705449,124,37.562779
6.8476114,80,37.59833
6.50043,83,37.610206
5.4380693,111,37.623123
6.9649725,77,37.624783
8.021938,51,37.66569
6.5885043,83,37.67696
4.288776,133,37.706117
7.491266,61,37.727857
6.4677787,91,37.740615
3.0335412,158,37.751998
6.124941,91,37.780294
4.835433,124,37.972494
3.862405,140,38.000478
1.0567074,197,38.022962
4.155398,134,38.024683
8.032081,51,38.06428
4.5190434,129,38.081279
4.5572314,130,38.106613
4.750205,123,38.126477
6.1360226,96,38.144673
6.545685,82,38.150449
7.884738,53,38.191462
4.673194,128,38.21918
4.8684072,122,38.232435
4.377615,135,38.268147
6.043519,101,38.318826
3.4936595,153,38.322811
2.6818657,166,38.359574
4.829247,123,38.372019
5.942661,104,38.406128
3.9831429,141,38.554298
5.0290656,120,38.57297
4.819104,121,38.585916
7.8332963,54,38.633517
3.5755072,151,38.64664
6.12289,95,38.653975
3.828268,144,38.675807
7.486375,65,38.689573
5.652406,99,38.731166
4.935952,115,38.783963
2.2630572,174,38.79914
0.47961915,209,38.848258
5.5351253,102,38.865811
2.1829538,178,38.874663
6.094535,100,38.879488
6.5539746,86,38.943617
7.061884,70,38.944475
5.1147785,117,38.951055
5.956018,99,39.080272
5.856216,95,39.140446
5.901597,100,39.151036
4.4611425,129,39.167473
8.135738,49,39.180467
2.8811274,155,39.208641
6.553501,84,39.220043
4.4744825,125,39.285343
1.3687688,193,39.331854
3.43828,154,39.341347
3.597373,149,39.349265
4.5666027,126,39.394509
5.2854605,111,39.425319
4.302943,133,39.461266
6.8164363,82,39.494416
1.352153,194,39.619772
4.348285,131,39.61982
7.9694686,53,39.663488
4.9479885,123,39.678144
6.4024315,90,39.693947
7.974347,53,39.707059
3.1533427,157,39.738677
5.680306,108,39.769105
4.5055428,131,39.803315
3.7845917,146,39.828764
3.8641934,144,39.860909
7.583833,63,39.881986
1.8417131,183,39.920588
3.8241692,142,39.921454
4.024359,140,39.979239
6.3055162,93,40.000338
3.2882967,157,40.015899
4.2679605,133,40.035895
6.2088237,94,40.176972
7.9400496,53,40.179104
7.536656,61,40.206888
5.046949,118,40.220039
5.635746,103,40.290868
2.6128173,165,40.315382
2.2920418,172,40.319438
4.391671,130,40.326011
5.6714954,103,40.399192
6.11537,97,40.404829
3.5716047,151,40.413666
1.5663034,181,40.46565
6.139431,94,40.474638
5.552077,109,40.492321
5.850876,101,40.494794
5.2459764,118,40.560618
4.600999,124,40.574329
5.1442084,120,40.705732
5.094243,118,40.706808
4.5491247,127,40.79553
3.5051975,147,40.82941
1.594824,187,40.833069
7.960181,53,40.841451
0.28057015,214,40.883139
3.6058311,149,40.950578
3.4755287,153,40.956971
4.4436264,128,40.987145
0.06774803,217,41.017083
6.5321517,88,41.030564
4.352258,132,41.068242
5.027581,120,41.099004
4.462357,133,41.284267
4.040626,134,41.297473
6.2788415,91,41.320207
3.6218872,149,41.34355
7.111803,70,41.347086
5.119305,117,41.401265
6.2282004,90,41.433145
3.1074624,156,41.501859
4.216382,133,41.504487
5.3700113,111,41.584537
3.859065,143,41.588556
5.116576,110,41.622971
4.0725894,137,41.675429
6.207291,96,41.729442
3.4745488,151,41.8632
3.8656497,142,41.894541
3.5803394,148,41.934138
4.018646,138,42.090844
5.778934,96,42.106111
7.8643703,56,42.13785
4.8703165,124,42.147596
6.0652075,93,42.150827
6.1369486,99,42.221827
4.1085067,131,42.260994
0.90089893,200,42.277823
3.7316742,147,42.279726
2.8091745,164,42.37729
4.9750924,122,42.379224
4.000056,140,42.415455
0.98108876,197,42.466943
5.3327475,115,42.487645
4.0572133,140,42.508964
6.488921,90,42.550737
6.860159,75,42.676229
1.1806384,196,42.715091
5.338823,110,42.72693
6.1745443,93,42.802573
2.8897877,164,42.807525
2.6293263,167,42.815684
3.9916887,139,42.831687
8.134304,48,42.871742
3.9435208,139,42.927123
4.4497743,132,42.9296
3.1364388,153,42.933846
6.2869844,95,42.95418
6.4760165,89,43.028861
4.8736873,123,43.038687
3.5837479,150,43.056153
3.5214562,151,43.059594
6.3580585,91,43.105355
4.5752387,127,43.28912
3.3470097,155,43.293631
0.5922967,210,43.353812
5.94788,98,43.368908
1.9677744,175,43.3738
4.5299892,132,43.400338
6.0368843,101,43.438357
4.635809,124,43.477954
5.7071075,105,43.489535
2.718121,168,43.510987
6.3223495,89,43.513784
6.035025,101,43.605308
3.2029924,154,43.619006
3.90839,143,43.621731
4.2720327,135,43.639544
6.821296,81,43.821359
5.934156,102,43.841417
6.6628656,84,43.842255
3.5866885,149,43.867504
5.2037807,118,43.940686
5.5820613,108,43.956184
2.1997666,167,43.983962
1.1170465,200,43.990581
3.792099,144,44.071444
3.6961894,148,44.093195
4.299531,133,44.115464
3.2597725,151,44.124773
4.6330404,120,44.186682
6.0701003,100,44.189551
6.643471,86,44.210702
7.4974694,65,44.250309
2.767325,163,44.395195
3.7245107,147,44.444403
6.268941,94,44.451632
6.4961014,85,44.464805
2.1188207,180,44.487501
6.215624,91,44.518007
3.4729996,150,44.572581
4.2275305,135,44.595815
2.5707068,168,44.599849
5.4870353,112,44.60775
4.6635942,124,44.69836
3.7077837,146,44.719986
1.9901973,180,44.720053
3.9444065,142,44.724961
5.249669,115,44.93512
2.816074,160,44.968195
1.7038327,185,44.990994
-0.2936238,225,45.003255
6.044066,99,45.023764
6.5070157,84,45.043438
7.668721,61,45.093409
4.912496,121,45.094317
5.9893036,92,45.099279
3.9160924,142,45.12449
8.157829,48,45.140952
6.611924,79,45.160259
7.0132666,73,45.183964
8.134511,49,45.200344
4.028915,140,45.210864
4.172199,135,45.250288
5.676734,98,45.265695
4.027323,135,45.322196
5.924424,102,45.352792
3.316225,156,45.358813
4.019533,139,45.534201
5.2170973,109,45.558462
6.872751,80,45.562531
3.919778,137,45.606787
6.875828,74,45.625388
4.6429367,121,45.637632
5.7111526,108,45.649121
4.7229524,117,45.705148
5.906191,100,45.724322
6.2012353,97,45.739095
3.8545146,143,45.756035
7.216658,68,45.774929
6.2656484,92,45.845445
4.6736717,128,45.852932
4.0249963,136,45.87072
2.082172,178,45.947736
4.194917,130,45.970471
5.382057,112,45.979023
8.017573,52,46.127533
2.3251672,172,46.14543
6.1959734,91,46.17954
6.622712,81,46.194018
5.374536,112,46.239587
3.31045,153,46.239645
6.9588203,78,46.245248
7.280047,66,46.299261
3.40913,154,46.322101
5.5902047,110,46.330514
5.4409494,113,46.3333
7.99971,52,46.370374
8.173816,48,46.377754
5.8565636,94,46.383203
3.5070229,145,46.467369
5.9206686,102,46.480681
4.610531,125,46.489346
2.4010072,172,46.544033
6.556856,82,46.569673
5.8916135,105,46.569704
3.8820553,142,46.731197
4.266683,134,46.800933
2.5647268,171,46.80918
1.8424283,182,46.840294
2.6835246,167,46.869349
6.0676675,101,46.883115
4.115685,138,46.920931
7.1665306,69,46.925105
6.2851553,87,46.956219
3.6351504,146,46.961234
6.8672357,76,46.985753
5.613573,107,47.015222
6.8843307,73,47.045045
5.5967436,110,47.045858
3.9844155,137,47.072836
4.7725344,123,47.232202
6.329341,85,47.259498
3.438313,152,47.287075
3.4756374,153,47.287102
7.126751,69,47.342738
4.105845,138,47.344383
5.0545907,111,47.34923
5.5818367,106,47.372894
6.5466323,81,47.418039
7.3770113,68,47.439414
7.929093,53,47.463826
3.8193374,145,47.479279
2.848884,165,47.494465
8.095273,50,47.509591
3.872132,138,47.56071
4.6324873,125,47.601348
3.1023312,159,47.617464
4.1265187,137,47.624581
5.660008,110,47.814058
5.505974,109,47.837152
0.7880208,198,47.846204
3.3659744,145,47.859334
5.937468,98,47.894294
6.1684217,94,47.9228
5.180983,115,47.930917
8.135478,49,47.972952
3.2786512,153,47.985852
8.173621,48,48.012166
2.8335547,161,48.027434
3.6512728,148,48.047251
6.28476,92,48.065039
7.309625,69,48.132774
3.1969428,154,48.156445
4.106282,140,48.161129
4.0539565,142,48.183808
5.707747,97,48.226034
7.095792,74,48.228225
6.464352,89,48.393997
1.7767612,183,48.452006
3.6247535,150,48.480506
1.4921008,190,48.514223
1.1237632,199,48.557503
4.244455,131,48.559114
2.9249573,162,48.614521
3.8475409,136,48.629494
4.6577697,127,48.672548
3.7354584,148,48.690114
4.5518713,127,48.733218
4.439085,134,48.754351
6.5097613,88,48.754377
6.714617,84,48.810978
4.104361,137,48.817532
6.0961514,98,48.962805
6.963127,72,48.9915
4.317707,133,48.991535
6.9536557,77,49.025428
4.4218774,133,49.046737
6.526623,82,49.058061
3.5021162,150,49.112646
6.506759,89,49.118208
6.868967,76,49.119109
5.0155997,122,49.123916
6.4621162,85,49.189831
6.163032,98,49.193873
6.06206,93,49.195485
5.571388,109,49.214158
7.504817,65,49.249029
5.5216603,111,49.289099
3.7036638,146,49.356254
0.70046777,204,49.389056
5.9188623,93,49.537096
3.8530202,146,49.543373
6.717729,84,49.581757
6.0382867,101,49.637635
4.831234,125,49.648882
4.995474,121,49.652567
3.9575033,144,49.72075
5.2237024,113,49.745748
4.111727,136,49.783421
3.140203,160,49.803887
6.773085,78,49.860311
3.6351938,147,49.889605
2.2659078,177,49.893301
4.3309293,134,49.932675
5.98624,102,49.956485
6.0442576,95,49.979429
6.126747,92,49.9804
6.874548,74,50.005105
7.2043667,67,50.022295
8.097745,50,50.159653
4.448545,131,50.230027
3.7881026,144,50.274675
3.3466206,152,50.28701
0.9474832,201,50.306394
4.2105618,134,50.339142
6.784423,83,50.342966
8.144752,48,50.346671
5.597695,106,50.378442
6.372563,91,50.423998
7.257814,66,50.439881
5.455862,108,50.44734
4.5417876,129,50.463154
6.898431,80,50.498424
6.5713587,88,50.5459
4.2678604,134,50.574979
7.925187,54,50.597294
3.7049274,145,50.751005
-0.5569085,234,50.772101
5.086376,119,50.794253
6.3332424,94,50.794288
5.980554,98,50.833548
6.906277,79,50.839292
4.5267534,130,50.905033
3.8317704,141,50.914284
5.4993796,104,50.926805
4.1738253,129,50.941433
8.022758,51,50.956737
7.7800255,56,50.97312
5.843685,104,50.99129
4.9615383,119,51.041295
7.6198606,62,51.043795
5.388717,112,51.05034
5.1921515,119,51.0723
5.8475494,101,51.125842
5.80232,107,51.128292
5.523489,108,51.138522
4.9574914,121,51.297791
6.194006,97,51.332392
6.412942,86,51.335687
4.1362543,139,51.369212
7.8161535,57,51.382165
5.7907543,103,51.382191
7.328489,65,51.386433
7.7970653,55,51.432786
5.339558,110,51.468801
4.625816,126,51.502277
4.109088,139,51.510669
5.3848357,110,51.574095
6.8146276,82,51.590329
2.1470504,173,51.597047
7.9714837,53,51.624868
3.8282642,145,51.641894
7.0195613,76,51.674937
4.8909073,118,51.709978
6.2454767,95,51.901176
4.4481807,130,51.906118
2.8860683,153,51.910507
6.9803534,78,51.91615
5.5292315,101,51.989331
5.582004,110,52.006287
3.4538264,153,52.035169
2.2735035,173,52.042589
6.184178,96,52.066694
4.4941707,128,52.110428
5.254011,108,52.123273
5.37958,112,52.133732
4.006156,141,52.187724
4.868512,122,52.248646
7.1023273,69,52.254347
3.8116422,145,52.25823
2.5242414,171,52.267468
7.496115,62,52.326728
5.43833,106,52.475555
3.6561213,139,52.502349
7.3547707,68,52.506504
3.1611633,160,52.514647
5.7518835,106,52.603304
3.2501502,152,52.604995
3.894014,143,52.621481
3.9673629,140,52.623248
4.6996384,127,52.707531
4.019613,140,52.719462
4.89045,124,52.72264
3.183096,148,52.74352
6.204789,95,52.79821
5.4153767,111,52.799097
6.1907535,94,52.800759
6.4916306,90,52.818796
6.9318233,75,52.862047
5.577907,107,53.003836
5.993333,95,53.015082
4.9816685,120,53.017577
5.7569003,104,53.064986
6.263476,86,53.088237
5.3733087,115,53.101565
5.989993,102,53.1501
1.5193225,188,53.174355
5.037345,117,53.197455
3.9915376,141,53.204439
7.9934125,51,53.247907
6.375658,88,53.248761
5.0176783,118,53.249657
6.856753,81,53.266021
5.1782084,115,53.343031
4.6641293,127,53.352139
5.2960787,109,53.356054
3.88969,142,53.365955
7.8597527,56,53.403433
4.2736325,134,53.585739
4.1971884,135,53.595169
1.8993369,183,53.647777
3.980887,140,53.648606
5.8448367,101,53.66881
4.1142874,138,53.710243
6.865525,74,53.731795
5.6479445,99,53.731828
4.664098,124,53.751981
8.161321,48,53.771235
8.099937,50,53.800916
3.9500937,142,53.84509
4.4793153,128,53.856668
7.229027,68,53.874512
3.9764647,142,53.920596
6.5298104,83,53.942956
6.021832,94,53.967141
7.980408,53,53.973751
3.3309712,154,53.99961
6.22943,92,54.182663
4.8066025,120,54.185212
5.922508,102,54.218288
3.0893395,156,54.240411
7.5443673,64,54.270402
5.02165,122,54.284182
3.616733,150,54.304027
4.707838,125,54.340694
6.4229712,92,54.35749
5.777453,103,54.386274
0.71790516,207,54.442763
3.2172432,157,54.478622
3.8388572,144,54.486135
5.59885,110,54.489268
5.742513,96,54.536057
6.359971,88,54.564237
6.293582,90,54.573663
4.515677,129,54.731824
6.5354567,86,54.771665
5.918391,104,54.778337
3.6342962,145,54.787348
7.878369,54,54.822328
4.1845984,133,54.845551
3.6903415,146,54.909091
4.9538884,124,54.928893
1.7841932,187,54.929757
3.7124715,146,54.970713
6.682014,79,54.995844
3.8284125,145,55.034817
4.3385186,131,55.041352
6.4087687,89,55.070435
2.9351125,164,55.105967
6.5700197,82,55.107671
3.8532557,141,55.148616
6.022076,101,55.15183
5.021084,121,55.317982
6.8644714,79,55.326761
2.87872,159,55.350279
7.9440727,54,55.361536
4.70454,125,55.367287
7.888112,54,55.395858
7.7841144,58,55.416213
5.470819,109,55.417045
3.0452905,160,55.497563
4.8611703,114,55.51276
4.659961,124,55.521669
0.44155133,212,55.571485
6.4898705,90,55.585503
5.2025867,116,55.593038
8.001589,51,55.633115
3.5081334,151,55.652772
7.4482164,66,55.653761
5.002283,116,55.67863
6.61093,80,55.852637
6.773049,83,55.854475
5.6171994,108,55.8579
8.018665,52,55.89748
4.426145,130,55.915358
7.220856,71,55.916187
5.638392,107,55.949273
6.372143,85,55.998305
5.3508506,113,56.021702
3.949606,140,56.025904
3.4904084,153,56.07969
6.0828757,99,56.08055
6.2816215,91,56.098276
6.161078,91,56.102499
7.9398575,52,56.128437
5.803332,104,56.17692
7.944023,54,56.179758
5.3182135,113,56.208448
4.2992077,128,56.217713
6.760005,78,56.249399
7.0456004,70,56.273423
5.8139405,106,56.278062
4.2154145,135,56.462391
6.668659,79,56.465743
4.4921646,128,56.484469
5.3369274,112,56.497406
7.3182,65,56.521445
7.233882,66,56.541096
6.4218097,86,56.569992
3.56324,150,56.58812
6.5862894,85,56.612996
3.8829765,142,56.640584
5.6414123,110,56.662379
5.734552,104,56.675249
4.1794353,136,56.724552
5.478543,105,56.726221
6.156761,95,56.739876
5.744951,107,56.762383
6.5706306,80,56.808886
5.796819,103,56.814523
7.6669164,61,56.817311
4.545989,127,56.834956
6.7824006,83,57.002538
6.288932,89,57.030163
4.0699306,135,57.049609
2.228055,175,57.084407
5.826388,95,57.107079
6.4333024,82,57.116003
3.3389163,154,57.127329
6.9835315,73,57.143429
6.516104,82,57.173224
6.558049,88,57.198498
5.5166574,107,57.202545
7.77819,58,57.249223
5.873089,95,57.25006
4.2859464,135,57.252439
6.3321133,92,57.272719
6.657141,82,57.319462
6.2990327,94,57.328575
8.099937,50,57.360083
4.5044312,133,57.363367
5.0802293,119,57.372412
6.5011826,85,57.545796
3.9999611,136,57.557978
4.357381,129,57.596366
3.408277,151,57.605749
7.171383,73,57.658847
4.406521,130,57.666835
2.5302534,170,57.693443
6.738619,83,57.732835
2.3206801,175,57.757623
5.7701917,107,57.760868
5.483774,105,57.781764
7.7269096,59,57.807778
5.8687234,102,57.818647
6.9111304,73,57.843741
6.82275,81,57.886784
3.237223,150,57.887643
5.5686264,105,57.895896
5.042364,119,57.942859
7.1241074,69,57.943798
6.3466425,92,58.086612
6.4453115,86,58.092765
6.152945,92,58.154117
5.2472043,115,58.172762
3.7419991,142,58.218126
3.6184669,150,58.220582
6.1450467,92,58.230902
4.4157095,131,58.28733
6.1907506,95,58.307866
5.8282957,103,58.326653
3.0978913,159,58.364925
6.9562693,77,58.379784
5.7566524,103,58.383469
4.6051354,127,58.444828
5.894719,102,58.459705
5.978303,92,58.465325
8.169257,48,58.489371
3.6414723,149,58.521756
5.8393006,95,58.669768
4.4533076,134,58.706779
5.882135,101,58.729436
6.9912734,73,58.729468
2.8103776,165,58.75288
5.835273,105,58.791556
5.9457026,97,58.807628
5.75646,100,58.810064
8.0123205,51,58.851172
6.7877564,76,58.868874
3.5451527,149,58.87292
8.0754,50,58.89131
8.213938,47,58.9105
1.8087655,183,58.938703
5.8734827,105,58.976292
7.9486804,53,58.981922
2.2155442,175,59.009897
3.8860636,140,59.023536
7.7793136,58,59.028281
8.063062,50,59.049896
7.809561,57,59.069094
4.4802203,128,59.192866
5.241139,114,59.233973
5.6421385,103,59.266421
3.705637,148,59.283455
4.9514318,121,59.29073
6.1980166,91,59.307571
6.4990964,82,59.332669
8.126872,49,59.347092
5.36324,111,59.373074
5.3618107,114,59.382585
5.4806166,103,59.429548
3.932979,139,59.444034
6.599663,87,59.452058
2.797852,167,59.506401
4.9459753,121,59.526304
5.8826194,104,59.527131
3.8508816,144,59.567214
6.923514,75,59.58726
4.7652907,121,59.717572
4.458942,133,59.747849
6.640963,86,59.787694
4.5811744,131,59.80784
2.362286,173,59.821468
3.903657,143,59.866724
5.1045227,119,59.886956
6.8657017,79,59.888655
3.7434492,147,59.929774
6.423636,87,59.937047
4.5868783,126,59.989255
3.7434807,147,60.007663
6.027282,97,60.015583
3.7507644,143,60.045224
7.021726,72,60.073005
6.2546396,91,60.080199
7.935465,54,60.088253
3.3047533,156,60.114462
5.5630364,108,60.281309
6.325124,94,60.287915
3.3511677,155,60.330161
3.9413514,139,60.351703
7.7726917,56,60.376076
5.3651314,115,60.382548
4.015863,140,60.398667
7.659203,61,60.425406
6.169052,96,60.429473
4.7609224,128,60.485957
4.088328,131,60.504943
5.200963,109,60.517634
3.8982458,142,60.539857
6.079074,95,60.562402
6.176745,87,60.61081
3.8095179,146,60.622775
3.7863908,143,60.633388
5.73166,106,60.648921
6.7951846,75,60.825579
4.222304,138,60.850848
2.519222,167,60.862294
3.188648,151,60.871942
8.171482,48,60.910545
4.6886153,123,60.925236
7.1073246,69,60.981912
1.9875928,180,60.997226
1.8802491,184,61.011885
3.1057434,149,61.031651
6.1518583,93,61.086229
4.6960654,129,61.101036
3.9492993,142,61.146311
0.10034381,220,61.159206
3.824582,145,61.317463
3.864532,144,61.33143
4.100681,138,61.372178
4.176172,131,61.379497
5.7598577,98,61.397345
5.3920226,113,61.423031
7.1645164,68,61.42706
7.946358,52,61.439081
5.1184216,111,61.469023
6.308758,90,61.495582
6.1546607,98,61.517992
6.7305493,76,61.530012
3.0406647,158,61.554267
6.725443,78,61.558291
5.9725256,102,61.600544
6.2552853,87,61.600571
6.0584054,96,61.632541
6.2807093,88,61.671839
4.650861,124,61.847028
6.2156806,96,61.864287
-1.4500474,240,61.867515
0.74974203,203,61.879659
6.620532,87,61.920794
7.9410467,54,61.964855
5.559243,107,61.969803
3.798894,147,61.986709
0.75924885,204,62.036276
5.890958,97,62.043375
4.370199,133,62.076704
5.1298633,118,62.0815
4.6807594,129,62.147099
2.4224653,173,62.175223
3.915771,141,62.191041
6.7655425,78,62.2384
1.2808019,196,62.240134
7.616607,62,62.241017
3.7354002,143,62.383529
8.194547,47,62.39943
5.944493,103,62.446822
6.2470145,95,62.462334
3.4984286,143,62.477467
5.4109774,112,62.492385
6.0313163,100,62.543715
6.473286,84,62.559761
3.2371364,158,62.574771
3.830805,139,62.589244
7.772969,56,62.620381
6.0779557,98,62.638992
3.5408926,148,62.663398
7.4172807,63,62.67154
5.1967406,119,62.685876
7.309009,66,62.71699
7.545634,60,62.720246
5.3812585,112,62.729993
6.0256076,97,62.764452
8.137076,48,62.768517
6.724812,83,62.787046
4.6162605,120,62.930746
7.109709,69,62.93741
7.5725513,60,62.981138
3.97429,137,63.000774
4.6819177,128,63.01273
4.9742227,119,63.038445
3.589003,148,63.104479
4.5231175,128,63.10532
2.8476377,165,63.146026
3.8274794,142,63.153369
7.2391334,66,63.158756
6.6545744,81,63.172864
6.727957,84,63.217632
7.1158175,71,63.218463
5.511867,108,63.261697
7.521346,61,63.268149
2.9610753,163,63.289091
7.2752714,70,63.317979
4.02937,139,63.330146
6.179915,93,63.482918
3.5305505,150,63.508614
6.0628533,91,63.52299
4.1887527,132,63.544401
7.6873302,60,63.557447
5.6471643,108,63.571239
7.3138833,65,63.576202
5.932208,99,63.640391
6.068867,95,63.650921
2.835248,165,63.681248
3.4753838,152,63.702505
5.7488985,97,63.719237
4.925187,118,63.746621
4.492661,128,63.787538
3.4107404,153,63.828939
6.628216,84,63.858407
3.923737,142,63.867536
1.7783471,182,63.872387
4.690167,123,64.05261
4.893482,122,64.093469
4.4995217,128,64.093505
3.748026,147,64.099985
7.9690104,53,64.138784
4.106586,131,64.162348
5.9370575,104,64.187094
3.48069,148,64.216055
8.111348,49,64.226876
6.520485,89,64.234986
7.68876,57,64.262363
6.6584167,86,64.299183
0.6556655,208,64.310711
5.9179473,94,64.314008
6.7382936,80,64.332053
8.205118,47,64.351141
3.867947,136,64.412067
4.3344207,132,64.425714
4.2804756,131,64.57367
4.870941,117,64.581296
5.8139105,103,64.636331
3.4598327,147,64.694675
3.8279529,145,64.710758
3.5953345,150,64.723969
1.9538718,184,64.815344
4.4922876,129,64.847332
2.1332679,180,64.866514
2.2245674,177,64.87963
6.9876237,71,64.914431
3.9468818,141,64.949975
5.9590926,92,64.95471
6.269197,95,64.971359
7.6746383,60,64.973244
7.2746553,70,65.037337
7.022848,71,65.04026
5.606144,106,65.190274
4.2261353,135,65.211554
4.807516,126,65.286235
4.895529,123,65.2863
5.194695,116,65.318095
3.5102177,150,65.327487
8.175937,48,65.332202
4.580013,126,65.447182
3.0255723,157,65.466604
1.1835653,198,65.474086
8.206467,47,65.510668
1.1897393,195,65.516316
4.1123576,135,65.57303
8.02322,52,65.621349
4.8141665,125,65.632278
2.4600143,172,65.634125
3.4526806,153,65.65269
7.0867815,75,65.819155
5.594003,108,65.847761
4.1883755,136,65.859137
5.9945197,102,65.85917
4.60361,124,65.922244
4.94808,114,65.954986
2.3337917,174,65.992936
7.005984,76,66.017094
0.33658612,205,66.029176
6.9849963,72,66.050813
2.569416,170,66.061195
7.7979045,57,66.077233
6.3795466,93,66.09463
7.0611134,72,66.125744
6.6586947,80,66.14614
7.9182396,54,66.190898
4.9312797,122,66.343117
3.248445,157,66.344003
7.6633263,61,66.358102
-1.106388,241,66.371347
6.3257513,85,66.412986
6.801139,75,66.419521
6.1215944,98,66.426601
6.145909,95,66.49282
3.361021,150,66.496052
5.995658,93,66.49771
3.6556115,146,66.545472
6.358407,90,66.571037
5.0874815,109,66.596927
6.834003,77,66.644462
2.7712831,167,66.648177
8.094237,49,66.688657
2.422328,174,66.704365
4.0713177,139,66.718604
7.661782,58,66.741251
6.8265824,76,66.909366
2.6829019,164,66.910273
5.0126567,121,66.934155
6.374905,92,66.942379
6.0666256,97,66.991978
5.314115,112,67.028169
3.7579713,143,67.029035
4.0049214,140,67.061336
4.6876717,121,67.093439
4.8330164,122,67.129558
4.4520464,124,67.132215
6.18383,88,67.164558
4.256657,134,67.17013
7.006817,72,67.190642
5.058633,110,67.221002
6.780583,76,67.229314
4.61127,125,67.287884
7.0946994,71,67.293617
5.2475953,115,67.302019
5.53846,112,67.462714
7.0257964,76,67.480658
4.628641,123,67.532592
3.9495945,140,67.539094
6.158007,93,67.55795
5.163242,117,67.561335
4.359491,130,67.641198
6.1464944,98,67.644133
5.7299423,103,67.644978
3.9487429,142,67.657826
5.9706407,95,67.718651
5.895928,104,67.732168
8.175905,48,67.765217
4.70009,124,67.766178
2.8030725,167,67.790492
4.190584,136,67.862471
4.720386,125,67.885553
5.4257956,107,67.892977
4.3108864,135,67.893952
7.21265,68,68.051384
7.919357,54,68.067855
6.5225806,83,68.084473
7.830834,55,68.113952
3.6464672,146,68.146216
4.584568,126,68.158743
7.665422,61,68.166876
4.127851,132,68.196687
4.5723343,120,68.268025
3.8067763,140,68.276476
2.7303772,167,68.287652
3.7418084,146,68.327859
4.3142314,134,68.400725
3.9972696,140,68.415612
5.432946,104,68.43283
3.3711076,153,68.442649
8.089257,50,68.507251
6.802599,82,68.668635
5.080442,118,68.691067
8.093818,50,68.727553
1.7862401,178,68.744942
4.9317536,119,68.775428
5.9254484,94,68.79221
6.929586,79,68.820371
5.0548773,119,68.845004
7.1554236,69,68.860588
7.925575,53,68.874799
3.1476645,153,68.945064
6.170349,97,68.965674
5.8181143,103,68.990828
7.984495,52,69.007808
3.644495,149,69.056393
8.0129175,51,69.114174
4.2683334,131,69.115331
4.50804,130,69.152392
2.014738,179,69.189377
6.850778,81,69.371276
3.4436712,154,69.403343
6.2608366,87,69.404991
3.3114495,156,69.405825
6.946584,73,69.475042
4.193796,136,69.499013
4.999736,111,69.514593
7.837454,55,69.529586
3.4963074,150,69.548357
3.7023802,145,69.63611
3.1002154,158,69.699868
1.8892013,184,69.705536
-0.011112107,211,69.716586
3.7746415,144,69.774784
5.7117944,101,69.800997
4.519458,133,69.824889
4.550639,127,69.835049
7.238339,68,69.837836
3.9792347,142,70.05078
5.3716273,112,70.056516
4.7128534,126,70.059408
3.311492,154,70.096705
6.962093,74,70.12341
4.0723205,137,70.167425
3.911201,143,70.178335
3.9748218,136,70.211053
4.1818304,136,70.237231
7.4924994,65,70.266628
4.331834,133,70.280405
8.016656,52,70.326512
5.657111,103,70.361666
0.43394977,209,70.364558
4.065772,142,70.367389
7.4661655,62,70.550464
4.6300106,129,70.572958
4.566992,131,70.602528
6.654055,85,70.620528
0.74440587,208,70.670013
5.3095603,116,70.699593
3.1845365,157,70.703659
4.189841,139,70.735949
6.797443,78,70.763073
3.526153,148,70.790519
3.6590338,148,70.831717
4.789902,123,70.847513
4.2146688,133,70.893933
4.016227,140,70.932812
6.2473454,96,70.944748
3.047432,162,70.993368
5.4744,110,70.99893
6.682004,77,71.133208
6.0170255,92,71.155284
7.4210234,67,71.188769
6.0395894,101,71.205004
4.2035537,134,71.241438
4.156267,128,71.265733
6.155443,97,71.273125
4.972197,122,71.312531
4.980758,121,71.343892
5.9716253,100,71.350411
6.0806026,90,71.385916
3.844666,145,71.39387
6.4302416,86,71.420536
3.6140444,145,71.467978
6.592915,87,71.471743
4.453675,128,71.500726
6.366524,87,71.501676
7.9953647,52,71.548979
7.085563,71,71.567501
4.0217066,139,71.719935
3.1321068,159,71.732778
6.5012765,89,71.747765
6.859388,75,71.753781
6.692882,85,71.805009
5.243418,118,71.81889
4.567685,130,71.855992
4.2227263,135,71.864893
6.9391103,79,71.869796
6.5481915,84,71.926244
4.57051,131,71.927967
6.137719,98,71.951544
7.983911,53,71.97147
3.2452068,152,71.990831
5.274895,117,72.021511
8.022256,52,72.03283
5.8936768,102,72.03449
5.582604,105,72.057049
6.8622584,77,72.084137
7.450987,66,72.086572
7.0126705,76,72.096396
4.349026,133,72.284793
5.4657063,113,72.298563
4.7089086,128,72.308433
4.291092,131,72.322982
8.133356,49,72.338318
6.8025174,81,72.350462
7.4944754,65,72.375383
7.903637,54,72.381793
6.002829,93,72.383403
7.056105,76,72.413777
8.137127,49,72.423838
5.118452,111,72.47636
6.5472474,81,72.490173
2.8095117,165,72.511947
3.8620815,144,72.531399
3.9083362,141,72.600251
5.9937253,100,72.602844
3.806707,142,72.61678
5.8208723,103,72.627974
5.764599,97,72.825596
4.3573008,133,72.840337
4.5276484,124,72.857694
2.7794633,166,72.869701
7.518412,61,72.875543
4.6597686,124,72.971
3.0710058,161,72.987548
3.277954,154,73.012345
6.3156643,94,73.054692
0.667349,209,73.065322
5.8622665,94,73.067777
6.276947,88,73.087295
6.775068,76,73.121988
8.099137,49,73.167474
4.2198052,135,73.19204
3.8860674,142,73.195807
4.2231827,135,73.213406
6.1996884,97,73.263227
7.936845,53,73.434603
4.796292,127,73.444921
3.5053794,148,73.475873
3.316001,155,73.507505
6.041904,94,73.566282
5.7729993,97,73.573154
6.5564485,88,73.624919
5.266258,115,73.626496
7.421644,63,73.640768
7.758527,56,73.680471
7.8720546,55,73.680505
4.5549664,125,73.711218
6.4868865,81,73.727233
4.522226,127,73.848896
5.481504,108,73.877455
3.5996819,149,73.878919
8.085696,49,73.936384
0.37112725,213,73.995379
5.131394,111,74.022305
4.24254,135,74.02514
8.074899,50,74.233833
7.8085217,57,74.238704
4.0758314,135,74.252773
6.280567,95,74.255641
8.172426,48,74.289468
6.414208,91,74.328516
4.9987183,121,74.375576
5.8807716,95,74.382052
3.318204,155,74.414221
3.7284455,144,74.488969
4.6305904,124,74.529642
4.8388157,126,74.541777
7.903888,54,74.619864
3.0716429,161,74.647262
5.5748234,106,74.649824
7.8469925,55,74.73224
3.9629288,141,74.756564
6.1137238,96,74.783543
4.7572546,125,74.795224
6.05011,100,75.036047
5.305174,110,75.066898
5.4985204,109,75.074706
0.00902282,221,75.162918
4.1313925,135,75.208276
5.3694277,114,75.219682
7.684173,60,75.23987
4.521215,126,75.242084
5.42929,106,75.337603
4.4182014,123,75.378091
3.3678207,152,75.378138
4.7125955,129,75.382627
5.40964,112,75.494325
6.847871,77,75.50447
6.391364,84,75.509274
3.687749,144,75.611977
3.5319352,149,75.914148
3.3015065,155,75.922728
2.4231339,170,75.92907
3.4197712,154,75.981434
6.3603086,87,75.999853
6.8721733,73,76.000825
6.109552,95,76.016007
7.8569217,54,76.050689
5.6213336,103,76.242585
6.032892,98,76.253195
3.889185,143,76.262295
4.710768,127,76.315681
5.7399063,99,76.350193
4.9608154,113,76.353425
5.426948,110,76.372997
8.172697,48,76.431577
3.61804,149,76.476545
5.044123,117,76.483857
4.2365603,133,76.494678
3.5400012,147,76.690702
4.6369505,120,76.708137
4.6048965,129,76.718721
4.788399,120,76.72207
6.9223323,73,76.778242
4.857953,124,76.792145
3.9122634,143,76.824315
5.402708,103,76.865067
7.0129933,71,76.885219
5.1555557,118,76.890992
-0.7899426,236,76.91706
8.036164,51,76.934646
6.4766583,90,76.965076
3.8313355,145,76.995166
6.7083244,80,77.041958
3.6296563,150,77.059453
2.776689,163,77.214112
5.2742853,106,77.220453
4.9699264,116,77.297643
4.0270176,140,77.301753
6.1495385,93,77.304952
6.2815695,93,77.308975
6.972078,77,77.361439
5.3597383,107,77.393157
4.887401,115,77.403518
3.9743142,140,77.416629
6.022208,100,77.446045
6.8013697,82,77.477673
7.0933094,71,77.511931
4.2076693,139,77.518456
2.6908975,168,77.571996
4.7220798,122,77.59043
4.0780606,138,77.639451
4.6119137,131,77.639488
5.691278,105,77.669152
5.665104,98,77.802262
5.0467706,117,77.860792
4.893994,120,77.863302
6.4369845,91,77.865744
5.188778,117,77.897016
7.8790207,55,77.907515
5.933591,104,77.95705
6.739199,83,77.97374
3.518168,151,77.992549
7.7603536,56,78.019124
3.3185954,152,78.042784
3.9663897,139,78.075069
4.2628865,138,78.107732
5.49959,106,78.108591
3.974183,136,78.1554
6.6226206,81,78.176667
4.3080726,133,78.185682
5.932603,98,78.189754
6.466801,86,78.228509
7.4695463,62,78.360354
6.4542093,91,78.37553
7.7981687,57,78.421723
6.1512837,92,78.42594
2.7973175,155,78.440486
3.5374713,151,78.483488
3.8643122,144,78.542307
3.5338116,143,78.545516
2.770062,166,78.57965
7.9027386,55,78.592335
4.0123377,140,78.603022
5.8158746,97,78.623683
6.8594766,74,78.644609
5.7514973,103,78.684829
6.558121,88,78.706992
3.8078077,140,78.731887
7.9090605,55,78.736579
4.4819837,128,78.764439
7.452546,63,78.765424
8.137937,49,78.782622
4.041678,139,78.991404
4.329428,133,79.018169
4.1738105,136,79.036738
2.663334,166,79.046519
6.5381746,84,79.108223
5.4505196,114,79.114693
3.5837975,147,79.11837
6.1463842,97,79.131011
6.0220785,100,79.209486
5.205458,118,79.218757
5.8482494,100,79.225404
3.94761,139,79.249426
7.984007,53,79.27465
7.002819,73,79.277456
5.81045,101,79.315884
6.967049,74,79.35198
7.1242485,74,79.356409
4.260971,138,79.397737
6.0454173,101,79.553516
3.4101925,155,79.624377
4.4586487,129,79.633248
3.6565256,148,79.673534
7.9410777,53,79.676048
0.044248,217,79.676953
3.9820142,138,79.736124
4.4180136,131,79.779399
3.9814162,142,79.792008
3.5350547,152,79.802965
5.47003,106,79.828408
6.149806,91,79.877451
4.6955624,128,79.898737
5.3660946,104,79.899684
3.675439,148,79.968187
4.6083775,124,80.112493
5.813201,102,80.113384
5.3065844,111,80.121709
7.8267317,55,80.158927
7.916078,53,80.165405
5.460549,112,80.180927
4.477959,131,80.221751
4.0906277,129,80.273917
3.5286894,151,80.285398
3.7802114,146,80.303951
5.426587,113,80.316304
8.085883,50,80.356975
5.624402,108,80.362663
4.1785417,136,80.399012
2.986103,157,80.433766
6.219008,91,80.438619
5.2867713,114,80.451876
5.992829,94,80.475364
5.2281723,114,80.676187
4.6376595,130,80.676237
2.5214853,168,80.703591
4.6320043,128,80.712717
7.7511435,58,80.725356
4.756259,125,80.780889
4.3621893,125,80.816444
4.045201,139,80.818944
7.981863,53,80.824723
7.938803,54,80.859989
1.8498441,185,80.876985
4.765562,117,80.92426
4.559112,132,80.931884
7.477358,62,80.93375
4.8901024,113,80.962373
5.1371,120,81.037251
4.3600307,131,81.056553
3.4912124,153,81.074993
4.37941,129,81.082451
6.334941,85,81.283013
3.2050805,158,81.309572
7.7975163,55,81.328081
2.8360033,165,81.354677
5.391619,111,81.399526
-11.723178,250,81.401267
5.3402185,112,81.419265
4.9667616,114,81.450811
5.9063983,93,81.485331
5.6696844,102,81.521615
3.5526881,149,81.543705
7.0761585,72,81.592923
4.162338,135,81.624746
6.574715,87,81.630757
-0.9531589,237,81.686956
6.950417,74,81.700691
6.1354437,98,81.841418
4.100991,137,81.847257
6.344859,92,81.904469
4.67418,129,81.954775
2.9784827,161,81.975359
-0.3718804,227,82.002488
4.3850346,131,82.010702
6.227881,95,82.09024
3.4441538,150,82.099141
3.9754786,140,82.118997
-11.656881,250,82.162796
6.1697693,93,82.20126
4.696206,129,82.202263
4.021653,133,82.21638
4.882373,122,82.401212
4.5487003,121,82.435127
4.2571673,134,82.446468
4.3820796,131,82.456193
6.483191,86,82.517134
6.373574,87,82.52762
2.8711507,160,82.532513
3.9626367,137,82.54693
8.006634,52,82.569462
8.166876,48,82.571072
6.5420027,82,82.58317
6.096422,94,82.622291
6.898001,75,82.631044
5.6760087,104,82.66649
3.090149,159,82.700277
4.4254913,130,82.737124
4.910354,119,82.778222
7.8145185,57,82.790423
1.1779797,194,82.807222
4.698076,124,82.818365
7.7425327,59,82.833259
6.6767783,84,82.990402
6.392175,90,83.019377
5.28206,113,83.028296
7.9854913,53,83.03314
4.0222387,140,83.07301
5.730264,103,83.111844
5.2023926,118,83.128587
3.6481247,150,83.140657
3.7594347,144,83.188941
5.610602,104,83.195341
5.3108273,113,83.219288
5.040161,122,83.238487
4.6387353,124,83.291952
3.852707,141,83.312179
5.9793615,92,83.316233
2.9112296,154,83.346613
5.847273,103,83.518616
5.451736,107,83.526113
3.7507129,145,83.532602
4.646708,123,83.569639
6.3087645,93,83.593741
6.358892,92,83.610566
5.9552164,98,83.660058
2.915989,155,83.662537
7.7285323,57,83.706807
4.0243435,140,83.719189
3.9881263,140,83.732615
6.261999,90,83.736819
4.362603,131,83.813048
5.130251,120,83.816249
5.943414,104,83.82028
4.332058,132,83.838764
8.211046,47,83.858834
6.8541284,74,83.873273
3.413198,152,84.054243
3.5342073,150,84.075634
4.3798947,131,84.079741
3.9452066,142,84.103779
4.881997,123,84.154294
6.01651,102,84.158426
6.819243,82,84.169693
4.40666,126,84.181883
5.518543,111,84.243546
5.446228,110,84.246787
3.3390906,148,84.300716
0.82926,206,84.335165
3.0243373,158,84.374281
2.280357,176,84.385621
5.5879173,106,84.386456
6.6336308,84,84.403438
8.200593,47,84.412237
8.121762,49,84.425888
5.003589,118,84.594627
5.30786,106,84.602701
3.6004305,150,84.660916
2.211966,173,84.665833
5.512504,112,84.685147
8.07858,50,84.725953
5.1243176,118,84.756349
1.4886142,191,84.757186
3.3758965,152,84.78829
6.6169004,85,84.79389
8.17527,48,84.795532
8.086834,50,84.796332
7.331174,64,84.846636
4.770284,126,84.89548
3.781982,145,84.905085
2.155425,178,84.93982
4.1248755,135,84.955853
5.2542405,115,85.106834
6.4434156,91,85.1329
2.1466155,179,85.172037
8.132042,49,85.175515
3.997985,140,85.191677
4.6904864,123,85.210594
8.036511,51,85.233684
5.119654,117,85.267561
4.5364103,127,85.278732
5.63415,101,85.294728
6.4496274,84,85.30365
4.8169804,117,85.367152
5.2535987,107,85.384026
3.1816096,152,85.406815
3.459681,152,85.432425
6.697183,84,85.457986
4.148987,139,85.4857
5.8008633,95,85.512502
3.6343403,138,85.524626
5.5015116,111,85.666518
6.9814534,71,85.689041
5.2605767,114,85.745799
0.9642316,200,85.780411
4.298184,133,85.788562
8.086007,50,85.790243
4.229804,133,85.810654
7.2174296,67,85.847338
8.016472,52,85.856262
6.581171,86,85.862387
4.419507,130,85.890277
7.3044624,70,85.913669
7.2120404,68,85.945973
3.9159696,138,85.978173
2.909089,163,85.984759
4.32804,127,86.020302
6.646306,81,86.043674
3.9049072,142,86.063846
4.561464,126,86.086738
5.357805,111,86.228775
6.0983057,94,86.238601
7.964763,52,86.247686
6.4416227,91,86.256815
5.828112,105,86.323789
4.0698586,137,86.340166
2.9692664,163,86.37954
3.2532892,157,86.383591
6.227995,95,86.400536
7.005928,71,86.440973
3.7400837,145,86.45715
5.204866,115,86.493384
6.32882,89,86.512575
1.9663478,181,86.525479
5.010026,120,86.553643
6.794892,75,86.572874
4.338333,132,86.599211
5.553901,111,86.614409
4.8843126,120,86.764329
5.2747087,116,86.780409
8.099758,50,86.804473
5.170015,119,86.809391
5.9476295,100,86.809413
6.988105,74,86.839823
7.4804106,65,86.861859
5.1321845,117,86.898767
5.586018,111,86.898789
4.9809685,114,86.931684
6.3500643,90,86.934115
3.971857,142,87.014047
3.7555547,144,87.01575
3.8133845,142,87.049252
3.5174203,151,87.054026
6.2127767,88,87.085723
5.0812325,119,87.119047
5.3649116,114,87.169727
7.1437316,74,87.348388
5.6200166,109,87.350093
2.436844,165,87.3645
5.3423734,106,87.403964
5.915222,103,87.43505
3.5684967,150,87.480692
6.108628,95,87.491839
5.521711,101,87.529128
-0.1994647,222,87.564971
5.2717757,110,87.598246
2.2398767,177,87.650365
6.540755,88,87.651399
3.4682431,147,87.671235
7.3426585,65,87.715416
2.6186166,164,87.757226
6.3954477,88,87.7582
4.927836,121,87.769414
5.979457,96,87.937932
7.182131,68,87.951318
7.1305895,70,87.953811
5.1658387,115,88.002538
5.059967,120,88.053446
2.7341385,167,88.07588
5.1941066,113,88.093597
2.104189,177,88.096851
6.9225063,75,88.113856
6.346656,85,88.165032
4.6998286,127,88.178024
5.4971557,108,88.180447
6.3645854,84,88.252258
2.1406102,180,88.267314
4.179819,129,88.297213
5.8897347,104,88.349171
5.796079,101,88.361229
-11.795421,250,88.505479
4.7133117,125,88.524406
6.308087,94,88.547092
7.247612,71,88.566228
8.099937,50,88.588811
3.9256725,142,88.597847
8.17376,48,88.606166
4.5253587,126,88.630314
6.254483,93,88.666853
6.4170074,92,88.674983
6.090624,93,88.683938
6.677653,79,88.697408
7.7345886,59,88.715335
6.392002,86,88.767008
5.663827,109,88.772666
4.728357,122,88.774363
4.451559,134,88.823279
6.349147,86,88.836234
4.875796,117,88.866805
7.989044,52,88.877983
3.8359108,136,88.883856
6.5545154,84,89.051501
3.9918385,140,89.0533
7.9233093,54,89.097566
4.5960636,129,89.105518
3.363381,150,89.116897
6.030115,96,89.129778
5.089192,114,89.19219
5.6218376,105,89.193072
4.2098017,130,89.237726
7.826256,55,89.237764
3.794201,147,89.238614
5.646304,108,89.280675
5.1308126,112,89.331688
3.9450707,141,89.355548
7.9956408,52,89.374432
2.6387677,166,89.376851
4.4427214,133,89.391451
8.136461,49,89.430566
4.700705,128,89.575422
4.8989315,120,89.645654
-1.1565408,245,89.695762
-11.559145,250,89.702384
3.699439,148,89.702418
6.9757786,74,89.763184
5.551042,107,89.783468
3.873056,143,89.822427
6.813902,75,89.827326
0.11001693,218,89.832367
5.580947,103,89.870342
6.3562603,86,89.892678
6.609852,87,89.898366
8.127549,49,89.910498
3.8149529,145,89.949863
6.7637763,76,89.953894
3.9493537,141,90.138721
6.4597936,85,90.145841
7.968151,52,90.181742
2.1509886,178,90.181778
4.2881045,132,90.188234
7.8437223,54,90.22665
3.336546,153,90.270989
2.8340015,162,90.314017
2.7075958,167,90.324503
7.7012663,57,90.370309
1.6216499,187,90.377542
6.347246,85,90.382345
4.070833,139,90.383164
7.0928707,71,90.427526
5.3437443,115,90.47006
4.003962,132,90.489302
3.4885774,152,90.50442
4.6863174,122,90.525598
6.478309,85,90.657297
6.7722273,82,90.690599
4.617405,125,90.710655
5.5045686,106,90.731871
5.311127,111,90.748927
5.1135015,117,90.788697
4.577158,126,90.815676
5.8715134,102,90.817302
6.478251,86,90.821315
5.3139124,116,90.883172
4.6992016,123,90.921204
4.508215,128,90.921229
7.8663445,56,90.928593
2.7390013,168,90.951956
6.56411,80,90.990191
6.221214,91,91.008804
6.2330017,86,91.031087
3.8178797,145,91.050482
3.9471736,142,91.244101
3.7387843,144,91.262192
4.198947,134,91.273539
8.097903,50,91.305264
2.8879619,163,91.317281
5.7867317,104,91.331948
6.9590054,74,91.336837
7.991496,52,91.359828
6.6505113,86,91.375981
6.4183154,91,91.40617
6.19237,92,91.43663
3.2531767,156,91.466231
5.519234,110,91.467866
6.881271,79,91.530225
3.3866696,155,91.534459
4.16783,136,91.549303
4.5278172,127,91.576434
6.837342,75,91.604179
8.137512,49,91.768921
3.660646,144,91.78402
5.0661526,119,91.804489
2.3321123,173,91.824725
6.0768094,90,91.844955
4.9262633,118,91.879505
5.663838,101,91.885898
5.647615,108,91.911468
8.161811,48,91.917824
5.9529743,103,91.927391
7.858114,56,91.957048
4.496831,126,91.990022
6.936183,79,91.994167
4.7571225,119,92.01751
4.586138,130,92.065416
5.4464417,113,92.086386
4.583846,124,92.09136
4.437291,133,92.138462
7.9828987,53,92.142975
7.151659,69,92.16086
3.8516545,144,92.204053
5.5876665,108,92.363178
3.4281754,151,92.402214
6.547539,86,92.402245
3.277266,155,92.424041
6.504,90,92.437062
6.2536817,95,92.479912
5.0177555,122,92.501804
6.542259,89,92.554441
3.1557088,158,92.554494
3.8538046,143,92.555308
3.9710875,141,92.619059
6.1503363,92,92.629623
5.5531387,112,92.64802
7.500016,61,92.674098
3.301457,156,92.690128
7.251806,66,92.691306
7.6155887,62,92.749449
4.5690093,131,92.770596
5.5934715,111,92.904329
8.023936,52,92.940674
4.022132,140,92.942388
7.610245,62,92.99161
4.437997,129,93.01036
1.9275562,182,93.028141
3.921815,140,93.058907
6.0278916,98,93.073911
4.590539,126,93.133838
3.6846275,148,93.133875
4.5532103,127,93.16302
5.5074086,113,93.166234
6.281357,89,93.205668
4.6071215,128,93.239963
6.205487,93,93.244043
5.510515,112,93.256444
5.2145224,118,93.312364
6.3893056,88,93.322833
6.96365,74,93.328694
4.227328,135,93.490175
7.056856,71,93.505708
6.8648176,81,93.518887
4.394219,130,93.546395
6.6901774,84,93.558898
6.3960514,84,93.576639
6.5803704,79,93.613419
4.058483,140,93.635147
5.18311,116,93.670757
3.7376323,147,93.680957
5.894271,100,93.716867
7.962677,53,93.724581
3.8332138,142,93.731099
7.9823785,53,93.769588
4.0273204,140,93.787322
6.631392,79,93.795436
4.488011,128,93.823181
7.187189,72,93.828067
5.5360117,100,93.986856
5.9258084,97,94.006894
7.332211,65,94.018409
4.09298,136,94.231039
4.4416842,127,94.290124
7.4712553,62,94.30438
4.0233345,140,94.309158
2.210431,175,94.350067
7.8672295,56,94.403594
3.839889,146,94.431974
4.572785,131,94.436728
2.7522788,164,94.463222
5.3613234,111,94.513499
5.519863,107,94.53963
3.9892821,140,94.565743
5.4252305,111,94.569438
8.060898,51,94.617622
4.657274,119,94.626314
5.4552293,105,94.67201
3.0684834,157,94.826586
6.6379976,84,94.84145
4.3480015,132,94.87656
3.987916,142,94.9259
4.7819285,124,94.930759
4.6298347,124,94.947353
5.3080926,111,94.98923
7.0618014,71,95.005608
5.4090624,111,95.045326
6.843241,75,95.052683
4.5402966,127,95.072951
6.4981804,82,95.074664
6.6204967,85,95.150825
6.491993,84,95.151807
3.9113283,143,95.173088
3.3959408,145,95.183263
7.9810314,53,95.200813
6.1823335,88,95.254869
5.978568,103,95.280842
3.0763793,160,95.418253
3.7053757,148,95.452591
5.800366,102,95.462313
4.7365584,122,95.502333
4.3103848,129,95.526134
5.7371426,100,95.546266
4.622672,125,95.557068
6.542406,80,95.567534
7.7508307,59,95.594056
5.8303165,105,95.610789
6.7818227,81,95.632639
3.6618228,148,95.679015
5.6456943,107,95.683173
3.749765,147,95.733424
5.7711782,100,95.760845
2.3986588,164,95.768832
4.3014565,131,95.789658
5.219984,113,95.824339
6.161784,98,95.956532
4.689915,123,95.985077
5.939109,99,95.987189
4.313348,133,96.052796
5.65142,110,96.080353
7.9500523,53,96.098514
2.2578773,176,96.105814
2.4638186,170,96.131461
4.4719844,128,96.187123
4.5843325,126,96.203432
4.2215047,135,96.218387
4.474975,127,96.237276
7.0994654,69,96.274622
4.227556,135,96.315527
5.520261,108,96.327243
1.057438,199,96.351512
5.3767223,115,96.370387
4.716977,126,96.541271
4.6418147,123,96.550124
4.917696,119,96.573745
7.289555,70,96.6099
1.5977067,183,96.644963
6.140041,98,96.653815
3.334278,151,96.66706
6.4294043,90,96.684557
8.167562,48,96.708658
7.393711,67,96.711128
2.737132,167,96.784745
3.8248248,137,96.7985
5.1505833,116,96.806568
3.6980672,148,96.829889
6.8520436,81,96.853011
7.0946226,70,96.918457
3.4474955,150,97.055464
3.403346,151,97.064747
2.1588588,179,97.111172
7.181635,69,97.120628
4.4740734,129,97.147572
8.078674,50,97.15166
4.746431,126,97.158282
6.713369,77,97.183985
5.5583596,107,97.241429
2.5894442,160,97.291287
2.3582263,175,97.292913
4.4707184,132,97.293807
8.154394,48,97.332193
6.652302,85,97.359808
3.6050582,147,97.360639
7.9258924,53,97.407462
3.4922915,149,97.421521
3.9194565,142,97.461294
4.5062413,128,97.480677
3.7816958,145,97.661889
6.37351,93,97.664353
5.519075,101,97.687787
2.418809,173,97.695511
5.6313853,107,97.751817
5.0209823,119,97.764263
4.8832884,115,97.792057
2.5387936,169,97.832237
5.673182,108,97.859218
4.708525,127,97.862525
4.014434,140,97.913325
6.230487,96,97.94071
5.121036,113,97.951123
2.459076,168,97.976101
5.246657,117,98.018377
5.9706993,100,98.046351
2.6719213,158,98.216267
2.298005,177,98.263774
5.7003717,108,98.26796
3.9800248,143,98.272028
7.9889374,51,98.309063
3.8734531,143,98.332325
5.8948765,104,98.358413
3.7584324,148,98.388115
6.8694925,80,98.432538
3.3924713,155,98.449243
4.2438097,132,98.454963
4.8972306,124,98.566742
5.600179,106,98.571567
4.1131687,141,98.599873
0.8624908,204,98.599917
7.814201,55,98.621824
6.509793,85,98.812693
3.9958992,140,98.834124
4.180586,130,98.849694
4.5607605,126,98.863665
7.9648557,53,98.877444
6.2818575,86,98.919522
3.8102956,145,98.930798
5.762845,97,98.942161
5.280912,113,98.972111
6.1545773,91,99.00051
5.3499417,105,99.026512
5.8071685,107,99.041471
5.483485,109,99.073837
7.5627565,60,99.09709
5.082536,111,99.103667
4.6587214,120,99.138351
4.798698,120,99.18183
6.0917745,99,99.22712
3.863258,144,99.228122
2.6863213,168,99.371319
7.5782633,60,99.397456
4.424699,130,99.415518
5.9869957,96,99.427051
4.336179,131,99.481201
6.5816636,85,99.495796
4.720887,122,99.514656
3.6032758,147,99.51971
8.128148,49,99.537946
5.1801705,113,99.609049
5.400513,110,99.629862
3.3675804,144,99.639619
1.2956325,197,99.646215
5.2066174,115,99.704928
4.8704085,122,99.729625
5.6199155,109,99.735329
5.0569057,118,99.73617
4.957245,122,99.923419
4.919376,123,99.9487
8.034957,51,99.965256
4.1658483,136,99.965288
3.4727468,153,99.980035
7.258658,67,100.004119
5.9593706,98,100.04777
6.269701,87,100.07683
3.841796,143,100.084032
4.0297785,137,100.094241
7.4096103,63,100.135846
3.9986515,139,100.160742
7.767623,58,100.182391
4.580564,131,100.18322
4.9061265,124,100.196589
5.608676,103,100.246521
5.1911664,108,100.272803
5.1127315,121,100.286608
4.0321836,137,100.311141
6.0732336,100,100.473752
5.235769,107,100.491159
6.9534774,77,100.491192
2.881289,164,100.500032
6.6922894,78,100.537736
6.057352,101,100.573492
3.6254435,144,100.611263
3.8273997,145,100.621087
5.443112,109,100.629885
7.210947,68,100.633235
6.6504893,85,100.692145
6.71304,77,100.695487
6.224374,94,100.717972
6.96365,73,100.757251
3.7084103,145,100.768763
4.5449433,127,100.811287
4.599094,125,100.834475
5.1914487,116,100.864934
7.0518336,70,100.899202
3.6177487,144,100.902067
3.3450317,155,101.071593
7.519308,61,101.072433
6.5762053,87,101.096094
8.0467005,51,101.113972
6.595788,82,101.138182
1.3381964,191,101.148363
6.340495,88,101.16772
6.5834312,86,101.217645
4.319495,130,101.219317
4.254128,127,101.270271
6.9558907,77,101.279955
0.12011575,216,101.312858
6.7272167,77,101.332195
3.5721898,151,101.340965
3.5524337,145,101.396252
5.2264004,114,101.423521
5.3081007,108,101.427562
3.0865505,154,101.436455
7.9464297,53,101.439414
6.072517,94,101.63379
4.3219175,130,101.647758
3.485496,151,101.668658
3.6676292,149,101.675921
7.2800417,70,101.704645
4.887663,124,101.734725
5.540926,108,101.75638
5.9803987,98,101.783815
3.832672,145,101.793385
7.6969333,60,101.804558
6.3991966,88,101.805383
5.884355,97,101.883236
4.666236,124,101.892943
3.3981707,150,101.904117
3.587933,151,101.925704
4.367685,131,102.102676
3.7770433,145,102.124154
4.8086705,116,102.133769
3.6682038,148,102.137767
7.6090336,62,102.195626
5.341952,111,102.225793
5.2379794,108,102.234165
1.8993424,178,102.264238
7.9470673,53,102.283489
5.345147,110,102.298231
3.1356175,155,102.369799
4.526913,125,102.381528
5.2228994,107,102.385104
3.174615,156,102.445716
4.9558783,119,102.48306
3.4047203,154,102.525649
5.1296573,118,102.555152
6.221316,89,102.695852
0.18159686,219,102.720209
4.891571,124,102.783195
5.9077897,94,102.795804
3.4936323,153,102.840951
7.106195,75,102.854079
3.7879467,146,102.868245
4.667891,126,102.914928
6.592662,80,102.916807
7.209621,72,102.983428
3.1253939,160,103.017999
3.1987617,152,103.055592
-0.06974305,223,103.062072
5.092302,110,103.085233
4.802096,124,103.135761
5.628083,106,103.175539
3.9308066,142,103.365839
7.9314837,53,103.393854
3.7746954,142,103.401841
6.0151014,99,103.410761
5.1642175,120,103.494612
5.3210306,115,103.514173
4.9152875,121,103.528153
7.781441,58,103.570508
2.6259322,169,103.581979
5.9178023,99,103.624055
7.9844003,52,103.633558
3.511817,151,103.643623
6.5073304,85,103.654116
6.2214937,92,103.717372
7.471671,62,103.71743
6.592856,87,103.721552
4.3053274,135,103.778459
7.3596635,65,103.781323
6.28784,93,103.808557
3.298205,157,103.874483
5.845727,100,104.008108
5.5720124,111,104.021958
6.293585,86,104.025134
6.699961,81,104.085614
4.8095093,116,104.119238
4.6293054,124,104.14097
4.922903,124,104.143779
6.644731,81,104.163791
8.061883,51,104.189729
6.5331106,80,104.220417
7.964121,53,104.241379
4.151314,137,104.250816
5.2574635,114,104.273659
5.9374123,102,104.317901
5.389104,112,104.357614
6.082264,98,104.419626
1.0509301,199,104.441157
1.7945989,179,104.456491
7.9819684,53,104.500875
5.991039,103,104.685843
2.7526903,164,104.69019
6.0528483,101,104.726589
5.9974318,102,104.779433
6.9016743,80,104.849273
5.0017786,121,104.86536
4.7905064,119,104.869057
6.7165995,80,105.010501
5.425448,110,105.038734
3.1359463,160,105.052576
3.6039352,147,105.103104
7.8520913,56,105.117031
5.385664,103,105.156492
3.554862,150,105.262724
4.6588745,129,105.282898
6.294368,94,105.286998
2.4141889,174,105.360257
4.7808123,123,105.619959
4.268613,134,105.656446
6.1186795,99,105.68105
2.9626102,163,105.694016
6.6663337,81,105.730734
7.406045,63,105.746571
6.3923965,83,105.861791
2.9648566,162,105.92099
2.4951482,171,105.969251
0.25296125,213,105.978749
7.76797,58,106.000618
4.174645,134,106.046536
6.3325524,86,106.09557
6.4867253,89,106.121132
1.5493089,191,106.229861
3.7345657,147,106.247467
5.720967,108,106.268802
7.786983,58,106.511004
2.465838,173,106.515517
6.6697927,78,106.519039
7.893377,54,106.5827
3.6425714,139,106.643637
5.938233,102,106.655905
6.4606943,83,106.701495
3.7291465,147,106.724724
5.8796167,105,106.801232
5.785865,105,106.842489
3.5720115,148,106.846542
7.8619056,56,106.877828
3.6171026,149,106.926581
6.3402658,94,106.971826
5.026487,117,107.045975
4.2761497,127,107.120283
7.876564,54,107.13229
-0.32678497,227,107.181642
3.891785,140,107.187399
4.7561917,126,107.495713
4.193575,136,107.566065
1.6003667,187,107.592665
1.6400119,187,107.645711
5.5285535,110,107.649967
5.757332,108,107.801392
3.5785131,146,107.861733
0.83067334,206,107.864647
0.080591306,221,107.918329
6.851134,76,108.052142
2.718389,164,108.079197
4.257553,132,108.099065
3.190331,148,108.124419
5.7317166,108,108.479477
5.9503293,103,108.487872
3.1184053,158,108.537478
3.4123187,152,108.595591
8.078243,50,108.629308
6.0683084,98,108.663909
8.162237,48,108.688037
3.4534354,151,108.750781
6.5006657,81,108.784033
5.163716,115,108.921487
3.7089224,144,108.958707
5.2567863,108,109.014346
4.0888004,138,109.040204
4.1472893,135,109.21722
5.863356,99,109.23631
3.3735456,154,109.29395
4.566422,126,109.321914
7.6526737,58,109.348581
6.5041976,90,109.42945
6.0737433,100,109.816842
7.258258,66,109.842739
5.474349,110,109.849168
2.6974978,169,109.917247
7.7187195,57,109.91896
7.8182397,57,109.952372
5.535806,111,110.043468
3.915862,142,110.170787
3.7239828,147,110.180582
3.4589138,153,110.228596
5.6028533,108,110.23958
6.7886486,76,110.311338
6.3395205,92,110.38446
3.2223053,154,110.422324
3.3560243,154,110.477623
5.1494746,118,110.503398
5.9145117,94,110.537768
4.9070964,122,110.644306
4.372696,124,110.898481
5.5114255,111,110.900325
5.9441695,93,110.908686
5.781597,100,111.039923
5.310668,116,111.136022
4.2709656,134,111.211955
3.3835993,150,111.231966
6.229578,89,111.239346
5.7890244,95,111.40825
4.3969007,131,111.435089
4.511101,128,111.500522
2.7019353,164,111.559615
7.718345,59,111.609967
5.313587,115,111.623432
5.1969123,112,111.637904
7.194941,69,111.692372
6.6169024,83,111.767863
5.2901626,106,111.934464
0.46138966,214,112.362216
3.6890905,142,112.369021
5.638388,105,112.373753
-11.509018,250,112.491188
4.23972,132,112.606406
7.0519495,71,112.611374
3.4042082,149,112.634949
3.52282,152,112.635081
7.1101413,70,112.776858
6.653305,84,112.805873
4.8090115,124,112.853398
4.251187,135,112.874149
4.305823,133,113.02521
6.2222757,95,113.03439
3.6868854,147,113.072305
8.130059,49,113.122679
4.2976995,132,113.125662
7.2095475,68,113.532485
6.525193,82,113.562625
4.091566,133,113.576558
4.9337616,123,113.607227
5.0095153,116,113.789818
4.381491,131,113.854817
3.6689906,148,113.876654
4.2304273,130,113.881029
4.478897,128,114.036734
6.317718,94,114.03869
5.4171467,112,114.101301
7.8403344,54,114.14777
4.5482035,127,114.282764
-1.4891776,250,114.362964
2.922977,157,114.444332
1.6566545,190,114.461059
6.320702,93,114.726084
3.8249707,145,114.744076
5.287024,111,114.830782
6.986879,73,114.84911
6.5215206,88,114.85336
2.369495,173,114.912606
7.046902,76,114.974985
5.36348,113,115.046848
3.6622958,145,115.075807
5.316962,116,115.120886
4.570093,126,115.204454
6.257542,88,115.281834
3.7507803,143,115.309083
4.6530027,129,115.312692
7.054729,70,115.336451
4.946674,117,115.511039
5.810872,95,115.528201
3.194076,158,115.847421
2.9453535,163,115.857876
5.800847,95,115.906628
5.8121533,97,115.918656
8.018041,52,115.925561
7.1569347,70,116.014492
6.9354696,72,116.032776
5.3791,114,116.036411
4.8730683,116,116.123748
6.1774178,98,116.198167
4.467449,130,116.283399
6.057924,96,116.306528
1.9436504,184,116.381306
5.998451,99,116.386207
8.044769,51,116.472683
5.293708,111,116.487767
5.3825474,108,116.506197
4.4199924,129,116.623913
5.9670606,98,116.654469
6.126522,95,116.681172
3.8796282,139,116.941242
7.3117046,65,116.990893
5.709677,107,117.029357
6.183446,92,117.079793
2.1862864,176,117.105068
7.9782224,52,117.180004
7.191839,72,117.18396
2.4396873,173,117.241858
8.210329,47,117.251668
3.3093638,153,117.251717
7.2254777,67,117.276992
6.1574802,89,117.380794
4.6818857,121,117.440267
8.017278,51,117.4736
4.350798,132,117.489975
2.7456083,167,117.511764
8.055108,51,117.539239
7.441174,66,117.637403
6.0450306,99,117.682135
4.018877,140,118.010282
5.8759356,102,118.07271
2.5095205,171,118.076282
4.170588,137,118.090701
6.179202,95,118.161173
4.3033004,136,118.313752
3.8287039,145,118.328186
4.0755167,136,118.333975
3.3060265,156,118.452244
5.647188,109,118.522042
4.123356,139,118.597889
3.8712358,144,118.60174
6.319326,90,118.620672
8.016497,52,118.721877
5.662157,109,118.730587
5.551564,108,118.804323
4.858784,126,118.844334
6.080769,96,118.909835
6.7894583,76,119.181429
3.562983,146,119.191956
5.2571797,113,119.207014
6.3627715,92,119.261546
5.582345,106,119.356992
4.3498964,132,119.41543
3.668219,148,119.462696
4.630457,125,119.488796
5.5234346,111,119.625598
3.4378352,152,119.640249
5.580239,107,119.669342
3.5240884,146,119.761912
6.5766487,83,119.815553
4.7976837,115,119.835719
3.626431,150,119.915395
6.101723,100,119.956579
4.9004636,120,120.058523
4.099946,134,120.311926
4.943575,122,120.383647
2.4938188,173,120.445514
4.9619827,116,120.463634
3.637635,141,120.552727
6.6416078,82,120.609898
3.9645293,133,120.620119
4.383419,131,120.680507
6.8156414,75,120.742016
5.819864,106,120.814778
3.5676537,151,120.825467
3.9313521,140,120.935434
5.4330087,113,121.023045
3.3106084,155,121.033757
1.9446527,181,121.162966
4.224489,135,121.189025
3.9736903,133,121.481866
3.1558099,155,121.506602
5.5653777,100,121.533433
7.2194495,71,121.58162
3.6434064,146,121.619519
7.399136,64,121.678454
3.9468355,140,121.719602
4.55702,124,121.725194
5.835537,101,121.796574
6.1845727,93,121.89771
5.7544894,106,121.927624
6.869422,75,121.941297
2.7785406,164,121.991093
5.443625,113,122.17072
4.4384003,129,122.189691
5.992445,101,122.200814
2.8171425,161,122.2246
7.808393,57,122.315705
6.725027,83,122.562593
4.5037093,128,122.628438
5.83062,106,122.633709
4.1926723,136,122.820556
3.2721858,157,122.820673
5.1621757,119,122.869301
2.2285595,176,122.982257
5.7453976,108,123.054298
6.4632926,88,123.059412
3.6807346,139,123.119768
7.286622,66,123.126977
4.4704466,127,123.338195
4.186057,136,123.353762
7.8189807,57,123.639824
2.6198158,167,123.684375
0.60826504,208,123.767735
4.976409,121,123.790457
3.9550176,141,124.195242
3.7805762,145,124.230008
5.0304055,119,124.282911
4.370129,131,124.284811
7.9913073,52,124.379236
6.352674,89,124.383314
7.219114,72,124.416904
8.093954,50,124.506203
3.546308,151,124.515608
4.317365,133,124.621509
4.5432897,132,124.623203
6.1235056,95,124.687677
7.483802,62,124.750286
4.7700973,123,124.760102
4.9803,122,124.876196
6.6106863,82,124.912476
4.311996,132,124.947097
4.5583615,126,124.98715
7.06627,75,125.044611
8.053862,51,125.285773
8.14961,48,125.318973
3.5477796,151,125.390675
1.1631595,195,125.393625
5.4121027,105,125.484757
3.5087676,152,125.524119
6.0740824,96,125.552487
5.8029227,102,125.565791
7.584048,63,125.594438
6.026262,102,125.75295
6.2070255,90,125.758228
5.027888,121,125.772507
3.7043219,141,125.777537
4.526448,127,126.01094
3.7471924,147,126.021565
3.3222823,154,126.051919
2.983832,163,126.054275
6.638013,80,126.392889
6.4504676,82,126.39713
5.673064,107,126.405716
2.6341138,166,126.482193
6.4808745,83,126.512027
5.9235306,101,126.549828
3.7230797,148,126.607368
5.879623,102,126.627103
6.1199484,98,126.699241
4.419344,132,126.711575
8.117402,49,126.785443
5.265497,115,126.800685
5.7336817,104,126.803964
4.4557414,128,126.935672
6.3649225,93,126.947964
5.4792695,105,126.984834
4.9349117,117,127.009598
5.1009064,119,127.147761
4.641571,124,127.168897
4.1715794,134,127.414626
3.5617008,148,127.453534
6.764814,76,127.520793
7.936316,52,127.52625
3.79043,145,127.555902
3.040421,161,127.594678
6.180753,90,127.650694
6.050074,96,127.653554
5.624635,107,127.705345
6.5469756,81,127.763924
3.3891206,150,127.803697
4.08376,136,127.842599
3.237111,154,127.93488
4.8998446,123,127.953481
7.446844,66,127.953529
3.382687,152,128.05823
5.355745,115,128.139035
6.2981377,95,128.408151
7.964801,53,128.414651
3.22825,157,128.41469
2.9982514,157,128.414713
7.455394,62,128.517475
4.7707725,121,128.601322
4.497751,128,128.605505
4.1137037,139,128.627748
5.0260043,117,128.689255
6.2968965,93,128.755662
5.1799417,114,128.820361
3.7693324,137,128.82865
4.2550135,135,128.926615
6.265292,95,128.9952
7.919604,53,129.019001
5.2729373,114,129.019041
2.445797,173,129.060492
6.2822285,90,129.18
4.413285,129,129.418141
3.1181726,160,129.480425
6.4027257,83,129.498579
1.6249477,190,129.552867
6.2618327,91,129.605359
5.397744,114,129.654152
2.1597385,178,129.663016
8.1721,48,129.722086
4.96195,113,129.762767
2.9024162,165,129.782001
5.2966847,110,129.81581
7.1883554,69,129.857875
3.6720314,145,129.938178
5.474422,109,129.951586
7.959769,53,130.032656
5.608947,111,130.050937
2.9325008,162,130.08768
5.4350834,104,130.425738
2.2700243,172,130.44122
6.210033,96,130.443953
3.2922482,156,130.483386
6.3853855,83,130.541427
5.283604,109,130.59601
3.5227742,150,130.663401
4.2760787,133,130.685711
7.659552,61,130.702036
5.0763555,120,130.736751
5.967437,98,130.83803
5.941811,103,130.874586
5.5955615,103,130.928858
7.218324,67,131.046031
4.119046,137,131.089225
0.2599069,213,131.089287
4.6915207,123,131.095936
7.0416527,76,131.222
5.104021,118,131.452082
5.3172655,112,131.475541
4.905401,122,131.495539
7.3025866,70,131.524126
6.9835496,72,131.553835
7.496661,65,131.568151
7.1600122,70,131.655754
6.2704725,93,131.658797
3.3217874,153,131.715948
7.886897,55,131.734258
5.1595464,119,131.739766
5.259643,117,131.835116
6.543109,82,131.865836
3.7508535,147,131.955217
2.871426,161,132.008953
5.294173,110,132.023837
6.807336,76,132.087119
4.433409,129,132.089552
7.903392,55,132.187528
7.672843,61,132.196237
5.915658,99,132.199476
3.0502658,158,132.480987
6.6739197,81,132.525497
5.176244,117,132.567873
4.575696,127,132.589113
5.6835766,106,132.677009
4.113276,138,132.678442
6.822627,81,132.682597
2.9886665,162,132.842638
5.0057864,113,132.867112
5.0030913,113,132.872837
2.4834857,171,132.976328
7.1295133,70,133.000352
6.64278,85,133.002135
7.0641613,72,133.130881
3.652563,149,133.150958
4.4051476,132,133.293422
4.541264,127,133.327658
4.804115,126,133.702468
5.529178,108,133.753947
3.6991549,148,133.759446
7.8191934,57,133.854215
2.6118407,169,133.877048
5.569809,104,133.944447
7.985166,52,133.948676
2.4223747,173,134.014008
6.2628875,93,134.048661
6.300729,87,134.111065
7.981424,53,134.149691
4.496089,127,134.185625
4.394255,131,134.255767
5.3639727,113,134.352745
3.4921432,150,134.379287
6.30202,95,134.425311
4.016256,140,134.435773
8.1139765,49,134.438973
6.5587554,88,134.5412
